batch, admin sort,QID,PROPERTY,VALUE, admin note,date enhanced,method
1,1,Q62,P8,"""Q449211""",add wikidata QID for Alvin Queen,4/1/2020,manual
1,2,Q69,P8,"""Q2438397""",add wikidata QID for Todd Barkan,4/1/2020,manual
1,3,Q80,P8,"""Q20020501""",add wikidata QID for Howard Biggs,4/1/2020,manual
1,4,Q89,P8,"""Q5495929""",add wikidata QID for Freddy Mendelsohn,4/1/2020,manual
1,5,Q313,P8,"""Q1346345""",add wikidata QID for Galt McDermott,4/1/2020,manual
1,6,Q319,P8,"""Q29913762""",add wikidata QID for Bill Jennings,4/1/2020,manual
1,7,Q326,P8,"""Q232395""",add wikidata QID for Esther Williams,4/1/2020,manual
1,8,Q359,P8,"""Q1283786""",add wikidata QID for Edgar Bateman,4/1/2020,manual
1,9,Q540,P8,"""Q13410379""",add wikidata QID for Howard Brubeck,4/1/2020,manual
1,10,Q551,P8,"""Q3527947""",add wikidata QID for Ron Crotty,4/1/2020,manual
1,11,Q555,P8,"""Q16509493""",add wikidata QID for Herb Wong,4/1/2020,manual
1,12,Q687,P8,"""Q42148151""",add wikidata QID for Sam Marowitz,4/1/2020,manual
1,13,Q692,P8,"""Q15439828""",add wikidata QID for Don Stratton,4/1/2020,manual
1,14,Q403,P8,"""Q28017793""",add wikidata QID for Shorty McConnell,4/1/2020,manual
1,15,Q456,P8,"""Q52376165""",add wikidata QID for Lee Richardson,4/1/2020,manual
1,16,Q714,P8,"""Q15440305""",add wikidata QID for Hal Serra,4/1/2020,manual
1,17,Q730,P8,"""Q18616644""",add wikidata QID for Benny Payne,4/1/2020,manual
1,18,Q732,P8,"""Q27881242""",add wikidata QID for Mona Hinton,4/1/2020,manual
1,19,Q1992,P8,"""Q15440571""",add wikidata QID for Vi Burnside,4/1/2020,manual
1,20,Q1619,P8,"""Q28152318""",add wikidata QID for Willie Pajeaud,4/1/2020,manual
1,21,Q1691,P8,"""Q3286414""",add wikidata QID for Manolito Simonet,4/1/2020,manual
1,22,Q821,P8,"""Q942060""",add wikidata QID for Kid Gavilan,4/1/2020,manual
1,23,Q846,P8,"""Q20988615""",add wikidata QID for Reginald Buckner,4/1/2020,manual
1,24,Q958,P8,"""Q1719821""",add wikidata QID for Melissa Walker,4/1/2020,manual
1,25,Q983,P8,"""Q56221282""",add wikidata QID for Paul Broadnax,4/1/2020,manual
1,26,Q1050,P8,"""Q3035718""",add wikidata QID for Don Baker,4/1/2020,manual
1,27,Q1142,P8,"""Q3388696""",add wikidata QID for Piney Brown,4/1/2020,manual
1,28,Q1148,P8,"""Q20761044""",add wikidata QID for Milton Orent,4/1/2020,manual
1,29,Q1159,P8,"""Q15804079""",add wikidata QID for Theodore Bennett,4/1/2020,manual
1,30,Q1189,P8,"""Q647445""",add wikidata QID for Hugues Panassie,4/1/2020,manual
1,31,Q1266,P8,"""Q83326""",add wikidata QID for Bela Bartok,4/1/2020,manual
1,32,Q1558,P8,"""Q66732612""",add wikidata QID for Theodore Purnell,4/1/2020,manual
1,33,Q1455,P8,"""Q153432""",add wikidata QID for Maurice Andre,4/1/2020,manual
1,34,Q2017,P8,"""Q4772158""",add wikidata QID for Anthony Brown,4/1/2020,manual
1,35,Q2018,P8,"""Q1691660""",add wikidata QID for Joe Williams,4/1/2020,manual
1,36,Q2019,P8,"""Q769600""",add wikidata QID for Ted Gioia,4/1/2020,manual
1,37,Q62,P9,https://www.wikidata.org/wiki/Q449211,add wikidata URI for Alvin Queen,4/1/2020,manual
1,38,Q69,P9,https://www.wikidata.org/wiki/Q2438397,add wikidata URI for Todd Barkan,4/1/2020,manual
1,39,Q80,P9,https://www.wikidata.org/wiki/Q20020501,add wikidata URI for Howard Biggs,4/1/2020,manual
1,40,Q89,P9,https://www.wikidata.org/wiki/Q5495929,add wikidata URI for Freddy Mendelsohn,4/1/2020,manual
1,41,Q313,P9,https://www.wikidata.org/wiki/Q1346345,add wikidata URI for Galt McDermott,4/1/2020,manual
1,42,Q319,P9,https://www.wikidata.org/wiki/Q29913762,add wikidata URI for Bill Jennings,4/1/2020,manual
1,43,Q326,P9,https://www.wikidata.org/wiki/Q232395,add wikidata URI for Esther Williams,4/1/2020,manual
1,44,Q359,P9,https://www.wikidata.org/wiki/Q1283786,add wikidata URI for Edgar Bateman,4/1/2020,manual
1,45,Q540,P9,https://www.wikidata.org/wiki/Q13410379,add wikidata URI for Howard Brubeck,4/1/2020,manual
1,46,Q551,P9,https://www.wikidata.org/wiki/Q3527947,add wikidata URI for Ron Crotty,4/1/2020,manual
1,47,Q555,P9,https://www.wikidata.org/wiki/Q16509493,add wikidata URI for Herb Wong,4/1/2020,manual
1,48,Q687,P9,https://www.wikidata.org/wiki/Q42148151,add wikidata URI for Sam Marowitz,4/1/2020,manual
1,49,Q692,P9,https://www.wikidata.org/wiki/Q15439828,add wikidata URI for Don Stratton,4/1/2020,manual
1,50,Q403,P9,https://www.wikidata.org/wiki/Q28017793,add wikidata URI for Shorty McConnell,4/1/2020,manual
1,51,Q456,P9,https://www.wikidata.org/wiki/Q52376165,add wikidata URI for Lee Richardson,4/1/2020,manual
1,52,Q714,P9,https://www.wikidata.org/wiki/Q15440305,add wikidata URI for Hal Serra,4/1/2020,manual
1,53,Q730,P9,https://www.wikidata.org/wiki/Q18616644,add wikidata URI for Benny Payne,4/1/2020,manual
1,54,Q732,P9,https://www.wikidata.org/wiki/Q27881242,add wikidata URI for Mona Hinton,4/1/2020,manual
1,55,Q1992,P9,https://www.wikidata.org/wiki/Q15440571,add wikidata URI for Vi Burnside,4/1/2020,manual
1,56,Q1619,P9,https://www.wikidata.org/wiki/Q28152318,add wikidata URI for Willie Pajeaud,4/1/2020,manual
1,57,Q1691,P9,https://www.wikidata.org/wiki/Q3286414,add wikidata URI for Manolito Simonet,4/1/2020,manual
1,58,Q821,P9,https://www.wikidata.org/wiki/Q942060,add wikidata URI for Kid Gavilan,4/1/2020,manual
1,59,Q846,P9,https://www.wikidata.org/wiki/Q20988615,add wikidata URI for Reginald Buckner,4/1/2020,manual
1,60,Q958,P9,https://www.wikidata.org/wiki/Q1719821,add wikidata URI for Melissa Walker,4/1/2020,manual
1,61,Q983,P9,https://www.wikidata.org/wiki/Q56221282,add wikidata URI for Paul Broadnax,4/1/2020,manual
1,62,Q1050,P9,https://www.wikidata.org/wiki/Q3035718,add wikidata URI for Don Baker,4/1/2020,manual
1,63,Q1142,P9,https://www.wikidata.org/wiki/Q3388696,add wikidata URI for Piney Brown,4/1/2020,manual
1,64,Q1148,P9,https://www.wikidata.org/wiki/Q20761044,add wikidata URI for Milton Orent,4/1/2020,manual
1,65,Q1159,P9,https://www.wikidata.org/wiki/Q15804079,add wikidata URI for Theodore Bennett,4/1/2020,manual
1,66,Q1189,P9,https://www.wikidata.org/wiki/Q647445,add wikidata URI for Hugues Panassie,4/1/2020,manual
1,67,Q1266,P9,https://www.wikidata.org/wiki/Q83326,add wikidata URI for Bela Bartok,4/1/2020,manual
1,68,Q1558,P9,https://www.wikidata.org/wiki/Q66732612,add wikidata URI for Theodore Purnell,4/1/2020,manual
1,69,Q1455,P9,https://www.wikidata.org/wiki/Q153432,add wikidata URI for Maurice Andre,4/1/2020,manual
1,70,Q2017,P9,https://www.wikidata.org/wiki/Q4772158,add wikidata URI for Anthony Brown,4/1/2020,manual
1,71,Q2018,P9,https://www.wikidata.org/wiki/Q1691660,add wikidata URI for Joe Williams,4/1/2020,manual
1,72,Q2019,P9,https://www.wikidata.org/wiki/Q769600,add wikidata URI for Ted Gioia,4/1/2020,manual
1,73,Q1386,P11,Q18807,associate Linking Lost Jazz Shrines project with Abbey Lincoln,4/1/2020,manual
1,74,Q665,P11,Q18807,associate Linking Lost Jazz Shrines project with Ahmad Jamal,4/1/2020,manual
1,75,Q1146,P11,Q18807,associate Linking Lost Jazz Shrines project with Alvin Ailey,4/1/2020,manual
1,76,Q471,P11,Q18807,associate Linking Lost Jazz Shrines project with Andrew Cyrille,4/1/2020,manual
1,77,Q304,P11,Q18807,associate Linking Lost Jazz Shrines project with Andy Kirk,4/1/2020,manual
1,78,Q831,P11,Q18807,associate Linking Lost Jazz Shrines project with Arnett Cobb,4/1/2020,manual
1,79,Q281,P11,Q18807,associate Linking Lost Jazz Shrines project with Art Blakey,4/1/2020,manual
1,80,Q661,P11,Q18807,associate Linking Lost Jazz Shrines project with Art Farmer,4/1/2020,manual
1,81,Q1009,P11,Q18807,associate Linking Lost Jazz Shrines project with Barry Harris,4/1/2020,manual
1,82,Q295,P11,Q18807,associate Linking Lost Jazz Shrines project with Benny Golson,4/1/2020,manual
1,83,Q102,P11,Q18807,associate Linking Lost Jazz Shrines project with Betty Carter,4/1/2020,manual
1,84,Q95,P11,Q18807,associate Linking Lost Jazz Shrines project with Big Maybelle,4/1/2020,manual
1,85,Q1580,P11,Q18807,associate Linking Lost Jazz Shrines project with Bill Doggett,4/1/2020,manual
1,86,Q43,P11,Q18807,associate Linking Lost Jazz Shrines project with Billie Holiday,4/1/2020,manual
1,87,Q204,P11,Q18807,associate Linking Lost Jazz Shrines project with Billy Higgins,4/1/2020,manual
1,88,Q819,P11,Q18807,associate Linking Lost Jazz Shrines project with Blue Mitchell,4/1/2020,manual
1,89,Q794,P11,Q18807,associate Linking Lost Jazz Shrines project with Bob Cranshaw,4/1/2020,manual
1,90,Q1953,P11,Q18807,associate Linking Lost Jazz Shrines project with Booker Ervin,4/1/2020,manual
1,91,Q1423,P11,Q18807,associate Linking Lost Jazz Shrines project with Booker Little,4/1/2020,manual
1,92,Q777,P11,Q18807,associate Linking Lost Jazz Shrines project with Cannonball Adderley,4/1/2020,manual
1,93,Q566,P11,Q18807,associate Linking Lost Jazz Shrines project with Carmen McRae,4/1/2020,manual
1,94,Q1381,P11,Q18807,associate Linking Lost Jazz Shrines project with Cassandra Wilson,4/1/2020,manual
1,95,Q1365,P11,Q18807,associate Linking Lost Jazz Shrines project with Cedar Walton,4/1/2020,manual
1,96,Q90,P11,Q18807,associate Linking Lost Jazz Shrines project with Charles Mingus,4/1/2020,manual
1,97,Q13,P11,Q18807,associate Linking Lost Jazz Shrines project with Charlie Parker,4/1/2020,manual
1,98,Q177,P11,Q18807,associate Linking Lost Jazz Shrines project with Chick Webb,4/1/2020,manual
1,99,Q370,P11,Q18807,associate Linking Lost Jazz Shrines project with Clifford Brown,4/1/2020,manual
1,100,Q63,P11,Q18807,associate Linking Lost Jazz Shrines project with Clifford Jordan,4/1/2020,manual
1,101,Q24,P11,Q18807,associate Linking Lost Jazz Shrines project with Coleman Hawkins,4/1/2020,manual
1,102,Q72,P11,Q18807,associate Linking Lost Jazz Shrines project with Count Basie,4/1/2020,manual
1,103,Q973,P11,Q18807,associate Linking Lost Jazz Shrines project with Dakota Staton,4/1/2020,manual
1,104,Q311,P11,Q18807,associate Linking Lost Jazz Shrines project with Dave Brubeck,4/1/2020,manual
1,105,Q117,P11,Q18807,associate Linking Lost Jazz Shrines project with Dexter Gordon,4/1/2020,manual
1,106,Q61,P11,Q18807,associate Linking Lost Jazz Shrines project with Dinah Washington,4/1/2020,manual
1,107,Q35,P11,Q18807,associate Linking Lost Jazz Shrines project with Dizzy Gillespie,4/1/2020,manual
1,108,Q469,P11,Q18807,associate Linking Lost Jazz Shrines project with Don Byas,4/1/2020,manual
1,109,Q127,P11,Q18807,associate Linking Lost Jazz Shrines project with Ella Fitzgerald,4/1/2020,manual
1,110,Q205,P11,Q18807,associate Linking Lost Jazz Shrines project with Elvin Jones,4/3/2020,manual
1,111,Q347,P11,Q18807,associate Linking Lost Jazz Shrines project with Eubie Blake,4/3/2020,manual
1,112,Q1463,P11,Q18807,associate Linking Lost Jazz Shrines project with Fats Domino,4/3/2020,manual
1,113,Q346,P11,Q18807,associate Linking Lost Jazz Shrines project with Frank Sinatra,4/3/2020,manual
1,114,Q436,P11,Q18807,associate Linking Lost Jazz Shrines project with Frank Strozier,4/3/2020,manual
1,115,Q934,P11,Q18807,associate Linking Lost Jazz Shrines project with Freddie Hubbard,4/3/2020,manual
1,116,Q141,P11,Q18807,associate Linking Lost Jazz Shrines project with Gene Krupa,4/3/2020,manual
1,117,Q501,P11,Q18807,associate Linking Lost Jazz Shrines project with George Coleman,4/3/2020,manual
1,118,Q284,P11,Q18807,associate Linking Lost Jazz Shrines project with George Shearing,4/3/2020,manual
1,119,Q9,P11,Q18807,associate Linking Lost Jazz Shrines project with Gigi Gryce,4/3/2020,manual
1,120,Q420,P11,Q18807,associate Linking Lost Jazz Shrines project with Gloria Lynne,4/3/2020,manual
1,121,Q944,P11,Q18807,associate Linking Lost Jazz Shrines project with Hank Mobley,4/3/2020,manual
1,122,Q979,P11,Q18807,associate Linking Lost Jazz Shrines project with Harry Edison,4/3/2020,manual
1,123,Q129,P11,Q18807,associate Linking Lost Jazz Shrines project with Harry Belafonte,4/3/2020,manual
1,124,Q936,P11,Q18807,associate Linking Lost Jazz Shrines project with Herbie Mann,4/3/2020,manual
1,125,Q331,P11,Q18807,associate Linking Lost Jazz Shrines project with Horace Silver,4/3/2020,manual
1,126,Q968,P11,Q18807,associate Linking Lost Jazz Shrines project with Houston Person,4/3/2020,manual
1,127,Q457,P11,Q18807,associate Linking Lost Jazz Shrines project with Howard McGhee,4/3/2020,manual
1,128,Q1090,P11,Q18807,associate Linking Lost Jazz Shrines project with J.J. Johnson,4/3/2020,manual
1,129,Q365,P11,Q18807,associate Linking Lost Jazz Shrines project with Jackie McLean,4/3/2020,manual
1,130,Q30,P11,Q18807,associate Linking Lost Jazz Shrines project with Jaki Byard,4/3/2020,manual
1,131,Q1834,P11,Q18807,associate Linking Lost Jazz Shrines project with James Baldwin,4/3/2020,manual
1,132,Q126,P11,Q18807,associate Linking Lost Jazz Shrines project with James Brown,4/3/2020,manual
1,133,Q924,P11,Q18807,associate Linking Lost Jazz Shrines project with Jimmy Cobb,4/3/2020,manual
1,134,Q873,P11,Q18807,associate Linking Lost Jazz Shrines project with Joanne Brackeen,4/3/2020,manual
1,135,Q746,P11,Q18807,associate Linking Lost Jazz Shrines project with Joe Louis,4/3/2020,manual
1,136,Q2018,P11,Q18807,associate Linking Lost Jazz Shrines project with Joe Williams,4/3/2020,manual
1,137,Q33,P11,Q18807,associate Linking Lost Jazz Shrines project with John Coltrane,4/3/2020,manual
1,138,Q413,P11,Q18807,associate Linking Lost Jazz Shrines project with Kenny Burrell,4/3/2020,manual
1,139,Q1103,P11,Q18807,associate Linking Lost Jazz Shrines project with Kenny Durham,4/3/2020,manual
1,140,Q325,P11,Q18807,associate Linking Lost Jazz Shrines project with King Curtis,4/3/2020,manual
1,141,Q1783,P11,Q18807,associate Linking Lost Jazz Shrines project with King Pleasure,4/3/2020,manual
1,142,Q1567,P11,Q18807,associate Linking Lost Jazz Shrines project with Lee Blair,4/3/2020,manual
1,143,Q959,P11,Q18807,associate Linking Lost Jazz Shrines project with Lee Morgan,4/3/2020,manual
1,144,Q46,P11,Q18807,associate Linking Lost Jazz Shrines project with Howard McGhee,4/3/2020,manual
1,145,Q468,P11,Q18807,associate Linking Lost Jazz Shrines project with Lenny White,4/3/2020,manual
1,146,Q12,P11,Q18807,associate Linking Lost Jazz Shrines project with Lester Young,4/3/2020,manual
1,147,Q39,P11,Q18807,associate Linking Lost Jazz Shrines project with Lionel Hampton,4/3/2020,manual
1,148,Q663,P11,Q18807,associate Linking Lost Jazz Shrines project with Slide Hampton,4/3/2020,manual
1,149,Q1737,P11,Q18807,associate Linking Lost Jazz Shrines project with Lou Donaldson,4/3/2020,manual
1,150,Q101,P11,Q18807,associate Linking Lost Jazz Shrines project with Louis Armstrong,4/3/2020,manual
1,151,Q53,P11,Q18807,associate Linking Lost Jazz Shrines project with Louis Jordan,4/3/2020,manual
1,152,Q192,P11,Q18807,associate Linking Lost Jazz Shrines project with Machito,4/3/2020,manual
1,153,Q1432,P11,Q18807,associate Linking Lost Jazz Shrines project with Malcolm X,4/3/2020,manual
1,154,Q656,P11,Q18807,associate Linking Lost Jazz Shrines project with Mamie Smith,4/3/2020,manual
1,155,Q66,P11,Q18807,associate Linking Lost Jazz Shrines project with Max Roach,4/3/2020,manual
1,156,Q200,P11,Q18807,associate Linking Lost Jazz Shrines project with McCoy Tyner,4/3/2020,manual
1,157,Q41,P11,Q18807,associate Linking Lost Jazz Shrines project with Miles Davis,4/3/2020,manual
1,158,Q85,P11,Q18807,associate Linking Lost Jazz Shrines project with Nancy Wilson,4/3/2020,manual
1,159,Q25,P11,Q18807,associate Linking Lost Jazz Shrines project with Nat King Cole,4/3/2020,manual
1,160,Q1209,P11,Q18807,associate Linking Lost Jazz Shrines project with Nina Simone,4/3/2020,manual
1,161,Q23,P11,Q18807,associate Linking Lost Jazz Shrines project with Ornette Coleman,4/3/2020,manual
1,162,Q1393,P11,Q18807,associate Linking Lost Jazz Shrines project with Oscar Brown,4/3/2020,manual
1,163,Q1999,P11,Q18807,associate Linking Lost Jazz Shrines project with Pee Wee Marquette,4/3/2020,manual
1,164,Q1121,P11,Q18807,associate Linking Lost Jazz Shrines project with Percy Heath,4/3/2020,manual
1,165,Q8,P11,Q18807,associate Linking Lost Jazz Shrines project with Pharoah Sanders,4/3/2020,manual
1,166,Q447,P11,Q18807,associate Linking Lost Jazz Shrines project with Philly Joe Jones,4/3/2020,manual
1,167,Q1909,P11,Q18807,associate Linking Lost Jazz Shrines project with Roland Kirk,4/3/2020,manual
1,168,Q657,P11,Q18807,associate Linking Lost Jazz Shrines project with Randy Weston,4/3/2020,manual
1,169,Q660,P11,Q18807,associate Linking Lost Jazz Shrines project with Red Garland,4/3/2020,manual
1,170,Q1403,P11,Q18807,associate Linking Lost Jazz Shrines project with Reggie Workman,4/3/2020,manual
1,171,Q2005,P11,Q18807,associate Linking Lost Jazz Shrines project with Richie Powell,4/3/2020,manual
1,172,Q45,P11,Q18807,associate Linking Lost Jazz Shrines project with Ron Carter,4/3/2020,manual
1,173,Q187,P11,Q18807,associate Linking Lost Jazz Shrines project with Roy Hargrove,4/3/2020,manual
1,174,Q427,P11,Q18807,associate Linking Lost Jazz Shrines project with Roy Haynes,4/3/2020,manual
1,175,Q294,P11,Q18807,associate Linking Lost Jazz Shrines project with Rudy Van Gelder,4/3/2020,manual
1,176,Q848,P11,Q18807,associate Linking Lost Jazz Shrines project with Ruth Brown,4/3/2020,manual
1,177,Q1759,P11,Q18807,associate Linking Lost Jazz Shrines project with Sam Jones,4/3/2020,manual
1,178,Q93,P11,Q18807,associate Linking Lost Jazz Shrines project with Sarah Vaughan,4/3/2020,manual
1,179,Q1727,P11,Q18807,associate Linking Lost Jazz Shrines project with Shirley Scott,4/3/2020,manual
1,180,Q448,P11,Q18807,associate Linking Lost Jazz Shrines project with Sonny Stitt,4/3/2020,manual
1,181,Q52,P11,Q18807,associate Linking Lost Jazz Shrines project with Sun Ra,4/3/2020,manual
1,182,Q208,P11,Q18807,associate Linking Lost Jazz Shrines project with Symphony Sid,4/3/2020,manual
1,183,Q81,P11,Q18807,associate Linking Lost Jazz Shrines project with Teddy Reig,4/3/2020,manual
1,184,Q239,P11,Q18807,associate Linking Lost Jazz Shrines project with Teddy Wilson,4/3/2020,manual
1,185,Q71,P11,Q18807,associate Linking Lost Jazz Shrines project with Thelonious Monk,4/3/2020,manual
1,186,Q165,P11,Q18807,associate Linking Lost Jazz Shrines project with Tito Puente,4/3/2020,manual
1,187,Q898,P11,Q18807,associate Linking Lost Jazz Shrines project with Tommy Flanagan,4/3/2020,manual
1,188,Q20,P11,Q18807,associate Linking Lost Jazz Shrines project with Tony Williams,4/3/2020,manual
1,189,Q410,P11,Q18807,associate Linking Lost Jazz Shrines project with Wayne Shorter,4/3/2020,manual
1,190,Q1098,P11,Q18807,associate Linking Lost Jazz Shrines project with Wynton Kelly,4/3/2020,manual
1,191,Q34,P11,Q18807,associate Linking Lost Jazz Shrines project with Wynton Marsalis,4/3/2020,manual
1,192,Q1149,Aen,"""Jackie Mabley""","add alias for Jackie ""Moms"" Mabley",4/1/2020,manual
1,193,Q1149,Aen,"""Moms Mabley""","add alias for Jackie ""Moms"" Mabley",4/1/2020,manual
1,194,Q1177,Aen,"""Eddie Davis""",add alias for Lockjaw Davis,4/1/2020,manual
1,195,Q1177,Aen,"""Eddie ""Lockjaw"" Davis""",add alias for Lockjaw Davis,4/1/2020,manual
1,196,Q1220,Aen,"""Leon Chancler""","add alias for Leon ""Ndugu"" Chancler",4/1/2020,manual
1,197,Q1220,Aen,"""Ndugu Chancler""","add alias for Leon ""Ndugu"" Chancler",4/1/2020,manual
1,198,Q1281,Aen,"""Horacio Hernandez""","add alias for Horacio ""El Negro"" Hernandez",4/1/2020,manual
1,199,Q1281,Aen,"""El Negro Hernandez""","add alias for Horacio ""El Negro"" Hernandez",4/1/2020,manual
1,200,Q13,Aen,"""Charles Parker""",add alias for Charlie Parker,4/1/2020,manual
1,201,Q13,Aen,"""Bird""",add alias for Charlie Parker,4/1/2020,manual
1,202,Q1302,Aen,"""Mike Brecker""",add alias for Michael Brecker,4/1/2020,manual
1,203,Q1332,Aen,"""Joe Nanton""",add alias for Tricky Sam Nanton,4/1/2020,manual
1,204,Q1332,Aen,"""Joe ""Tricky Sam"" Nanton""",add alias for Tricky Sam Nanton,4/1/2020,manual
1,205,Q1393,Aen,"""Oscar Brown, Jr.""",add alias for Oscar Brown,4/1/2020,manual
1,206,Q1403,Aen,"""Reginald Workman""",add alias for Reggie Workman,4/1/2020,manual
1,207,Q1441,Aen,"""Jeff Watts""","add alias for Jeff ""Tain"" Watts",4/1/2020,manual
1,208,Q1441,Aen,"""Tain Watts""","add alias for Jeff ""Tain"" Watts",4/1/2020,manual
1,209,Q1521,Aen,"""Clifford Bigeou""","add alias for Clifford ""Boy"" Bigeou",4/1/2020,manual
1,210,Q1521,Aen,"""Boy Bigeou""","add alias for Clifford ""Boy"" Bigeou",4/1/2020,manual
1,211,Q1578,Aen,"""Willie Smith""","add alias for Willie ""the Lion"" Smith",4/1/2020,manual
1,212,Q1578,Aen,"""The Lion""","add alias for Willie ""the Lion"" Smith",4/1/2020,manual
1,213,Q1578,Aen,"""The Lion Smith""","add alias for Willie ""the Lion"" Smith",4/1/2020,manual
1,214,Q391,Aen,"""Argonne Thornton""",add alias for Sadik Hakim,4/1/2020,manual
1,215,Q395,Aen,"""Marvin Smith""","add alias for Marvin ""Smitty"" Smith",4/1/2020,manual
1,216,Q395,Aen,"""Smitty Smith""","add alias for Marvin ""Smitty"" Smith",4/1/2020,manual
1,217,Q663,Aen,"""Locksley Wellington Hampton""",add alias for Slide Hampton,4/1/2020,manual
1,218,Q663,Aen,"""Locksley Wellington ""Slide"" Hampton""",add alias for Slide Hampton,4/1/2020,manual
1,219,Q70,Aen,"""Jimmy Scott""",add alias for Little Jimmy Scott,4/1/2020,manual
1,220,Q777,Aen,"""Julian Edwin ""Cannonball"" Adderley""",add alias for Cannonball Adderley,4/1/2020,manual
1,221,Q777,Aen,"""Julian Edwin Adderley""",add alias for Cannonball Adderley,4/1/2020,manual
1,222,Q979,Aen,"""Harry ""Sweets"" Edison""",add alias for Harry Edison,4/1/2020,manual
1,223,Q979,Aen,"""Sweets Edison""",add alias for Harry Edison,4/1/2020,manual
1,224,Q1909,Aen,"""Rahsaan Roland Kirk""",add alias for Roland Kirk,4/1/2020,manual
2,225,Q18827,P1,Q18806,assign to class (78 Club),,
2,226,Q18827,P11,Q18807,associate item with Linking Lost Jazz Shrines (78 Club),,
2,227,Q18810,P1,Q18805,assign to class (All-City Chorus),,
2,228,Q18810,P8,"""Q69104743""",add wikidata QID (All-City Chorus),,
2,229,Q18810,P9,https://www.wikidata.org/wiki/Q69104743,add wikidata URI (All-City Chorus),,
2,230,Q18810,P11,Q18807,associate item with Linking Lost Jazz Shrines (All-City Chorus),,
2,231,Q18828,P1,Q18806,assign to class (Arlington Inn),,
2,232,Q18828,P8,"""Q65548903""",add wikidata QID (Arlington Inn),,
2,233,Q18828,P9,https://www.wikidata.org/wiki/Q65548903,add wikidata URI (Arlington Inn),,
2,234,Q18828,P11,Q18807,associate item with Linking Lost Jazz Shrines (Arlington Inn),,
2,235,Q18829,P1,Q18806,assign to class (Art Theater),,
2,236,Q18829,P8,"""Q45032067""",add wikidata QID (Art Theater),,
2,237,Q18829,P9,https://www.wikidata.org/wiki/Q45032067,add wikidata URI (Art Theater),,
2,238,Q18829,P11,Q18807,associate item with Linking Lost Jazz Shrines (Art Theater),,
2,239,Q18830,P1,Q18806,assign to class (Baby Grand Brooklyn),,
2,240,Q18830,P8,"""Q65548908""",add wikidata QID (Baby Grand Brooklyn),,
2,241,Q18830,P9,https://www.wikidata.org/wiki/Q65548908,add wikidata URI (Baby Grand Brooklyn),,
2,242,Q18830,P11,Q18807,associate item with Linking Lost Jazz Shrines (Baby Grand Brooklyn),,
2,243,Q18831,P1,Q18806,assign to class (Baby Grand Harlem),,
2,244,Q18831,P8,"""Q69084358""",add wikidata QID (Baby Grand Harlem),,
2,245,Q18831,P9,https://www.wikidata.org/wiki/Q69084358,add wikidata URI (Baby Grand Harlem),,
2,246,Q18831,P11,Q18807,associate item with Linking Lost Jazz Shrines (Baby Grand Harlem),,
2,247,Q18811,P1,Q18805,assign to class (Baritone Saxophones),,
2,248,Q18811,P8,"""Q69104747""",add wikidata QID (Baritone Saxophones),,
2,249,Q18811,P9,https://www.wikidata.org/wiki/Q69104747,add wikidata URI (Baritone Saxophones),,
2,250,Q18811,P11,Q18807,associate item with Linking Lost Jazz Shrines (Baritone Saxophones),,
2,251,Q18832,P1,Q18806,assign to class (Ben's),,
2,252,Q18832,P8,"""Q68931953""",add wikidata QID (Ben's),,
2,253,Q18832,P9,https://www.wikidata.org/wiki/Q68931953,add wikidata URI (Ben's),,
2,254,Q18832,P11,Q18807,associate item with Linking Lost Jazz Shrines (Ben's),,
2,255,Q18833,P1,Q18806,assign to class (Birdland (52nd Street)),,52nd Street))
2,256,Q18833,P8,"""Q256347""",add wikidata QID (Birdland (52nd Street)),,52nd Street))
2,257,Q18833,P9,https://www.wikidata.org/wiki/Q256347,add wikidata URI (Birdland (52nd Street)),,52nd Street))
2,258,Q18833,P11,Q18807,associate item with Linking Lost Jazz Shrines (Birdland (52nd Street)),,52nd Street))
2,259,Q18834,P1,Q18806,assign to class (Blue Coronet),,
2,260,Q18834,P8,"""Q65548661""",add wikidata QID (Blue Coronet),,
2,261,Q18834,P9,https://www.wikidata.org/wiki/Q65548661,add wikidata URI (Blue Coronet),,
2,262,Q18834,P11,Q18807,associate item with Linking Lost Jazz Shrines (Blue Coronet),,
2,263,Q18835,P1,Q18806,assign to class (Blue Note),,
2,264,Q18835,P8,"""Q885833""",add wikidata QID (Blue Note),,
2,265,Q18835,P9,https://www.wikidata.org/wiki/Q885833,add wikidata URI (Blue Note),,
2,266,Q18835,P11,Q18807,associate item with Linking Lost Jazz Shrines (Blue Note),,
2,267,Q18836,P1,Q18806,assign to class (Branker's),,
2,268,Q18836,P11,Q18807,associate item with Linking Lost Jazz Shrines (Branker's),,
2,269,Q18837,P1,Q18806,assign to class (Brooklyn Academy of Music),,
2,270,Q18837,P8,"""Q72912""",add wikidata QID (Brooklyn Academy of Music),,
2,271,Q18837,P9,https://www.wikidata.org/wiki/Q72912,add wikidata URI (Brooklyn Academy of Music),,
2,272,Q18837,P11,Q18807,associate item with Linking Lost Jazz Shrines (Brooklyn Academy of Music),,
2,273,Q18838,P1,Q18806,assign to class (Brooklyn Apollo),,
2,274,Q18838,P8,"""Q45032061""",add wikidata QID (Brooklyn Apollo),,
2,275,Q18838,P9,https://www.wikidata.org/wiki/Q45032061,add wikidata URI (Brooklyn Apollo),,
2,276,Q18838,P11,Q18807,associate item with Linking Lost Jazz Shrines (Brooklyn Apollo),,
2,277,Q18839,P1,Q18806,assign to class (Brooklyn Palace),,
2,278,Q18839,P11,Q18807,associate item with Linking Lost Jazz Shrines (Brooklyn Palace),,
2,279,Q18812,P1,Q18805,assign to class (Brooklyn Repertory Ensemble),,
2,280,Q18812,P8,"""Q69104753""",add wikidata QID (Brooklyn Repertory Ensemble),,
2,281,Q18812,P9,https://www.wikidata.org/wiki/Q69104753,add wikidata URI (Brooklyn Repertory Ensemble),,
2,282,Q18812,P11,Q18807,associate item with Linking Lost Jazz Shrines (Brooklyn Repertory Ensemble),,
2,283,Q18840,P1,Q18806,assign to class (Brownies),,
2,284,Q18840,P8,"""Q65548909""",add wikidata QID (Brownies),,
2,285,Q18840,P9,https://www.wikidata.org/wiki/Q65548909,add wikidata URI (Brownies),,
2,286,Q18840,P11,Q18807,associate item with Linking Lost Jazz Shrines (Brownies),,
2,287,Q18841,P1,Q18806,assign to class (Bucket of Blood),,
2,288,Q18841,P11,Q18807,associate item with Linking Lost Jazz Shrines (Bucket of Blood),,
2,289,Q18842,P1,Q18806,assign to class (Carroll Bar),,
2,290,Q18842,P8,"""Q68931954""",add wikidata QID (Carroll Bar),,
2,291,Q18842,P9,https://www.wikidata.org/wiki/Q68931954,add wikidata URI (Carroll Bar),,
2,292,Q18842,P11,Q18807,associate item with Linking Lost Jazz Shrines (Carroll Bar),,
2,293,Q18843,P1,Q18806,assign to class (Cecil's),,
2,294,Q18843,P11,Q18807,associate item with Linking Lost Jazz Shrines (Cecil's),,
2,295,Q18844,P1,Q18806,assign to class (Club 243),,
2,296,Q18844,P11,Q18807,associate item with Linking Lost Jazz Shrines (Club 243),,
2,297,Q18845,P1,Q18806,assign to class (Club 845),,
2,298,Q18845,P11,Q18807,associate item with Linking Lost Jazz Shrines (Club 845),,
2,299,Q18846,P1,Q18806,assign to class (Club Baron),,
2,300,Q18846,P11,Q18807,associate item with Linking Lost Jazz Shrines (Club Baron),,
2,301,Q18847,P1,Q18806,assign to class (Club La Marchal),,
2,302,Q18847,P8,"""Q65548894""",add wikidata QID (Club La Marchal),,
2,303,Q18847,P9,https://www.wikidata.org/wiki/Q65548894,add wikidata URI (Club La Marchal),,
2,304,Q18847,P11,Q18807,associate item with Linking Lost Jazz Shrines (Club La Marchal),,
2,305,Q18848,P1,Q18806,assign to class (Count Basie Club (Harlem)),,Harlem))
2,306,Q18848,P11,Q18807,associate item with Linking Lost Jazz Shrines (Count Basie Club (Harlem)),,Harlem))
2,307,Q18849,P1,Q18806,assign to class (Crescent Lounge),,
2,308,Q18849,P11,Q18807,associate item with Linking Lost Jazz Shrines (Crescent Lounge),,
2,309,Q18850,P1,Q18806,assign to class (Dizzy's Club),,
2,310,Q18850,P8,"""Q84513529""",add wikidata QID (Dizzy's Club),,
2,311,Q18850,P9,https://www.wikidata.org/wiki/Q84513529,add wikidata URI (Dizzy's Club),,
2,312,Q18850,P11,Q18807,associate item with Linking Lost Jazz Shrines (Dizzy's Club),,
2,313,Q18851,P1,Q18806,assign to class (Farmer John's),,
2,314,Q18851,P11,Q18807,associate item with Linking Lost Jazz Shrines (Farmer John's),,
2,315,Q18852,P1,Q18806,assign to class (Five Spot),,
2,316,Q18852,P8,"""Q1421882""",add wikidata QID (Five Spot),,
2,317,Q18852,P9,https://www.wikidata.org/wiki/Q1421882,add wikidata URI (Five Spot),,
2,318,Q18852,P11,Q18807,associate item with Linking Lost Jazz Shrines (Five Spot),,
2,319,Q18853,P1,Q18806,assign to class (Flamingo Lounge),,
2,320,Q18853,P8,"""Q65548910""",add wikidata QID (Flamingo Lounge),,
2,321,Q18853,P9,https://www.wikidata.org/wiki/Q65548910,add wikidata URI (Flamingo Lounge),,
2,322,Q18853,P11,Q18807,associate item with Linking Lost Jazz Shrines (Flamingo Lounge),,
2,323,Q18813,P1,Q18805,assign to class (Frankie Lymón and the Teenagers),,
2,324,Q18813,P8,"""Q1445090""",add wikidata QID (Frankie Lymón and the Teenagers),,
2,325,Q18813,P9,https://www.wikidata.org/wiki/Q1445090,add wikidata URI (Frankie Lymón and the Teenagers),,
2,326,Q18813,P11,Q18807,associate item with Linking Lost Jazz Shrines (Frankie Lymón and the Teenagers),,
2,327,Q18854,P1,Q18806,assign to class (Grecian Cave),,
2,328,Q18854,P11,Q18807,associate item with Linking Lost Jazz Shrines (Grecian Cave),,
2,329,Q18855,P1,Q18806,assign to class (Half Note Club),,
2,330,Q18855,P8,"""Q5641732""",add wikidata QID (Half Note Club),,
2,331,Q18855,P9,https://www.wikidata.org/wiki/Q5641732,add wikidata URI (Half Note Club),,
2,332,Q18855,P11,Q18807,associate item with Linking Lost Jazz Shrines (Half Note Club),,
2,333,Q18856,P1,Q18806,assign to class (Harlem Stage),,
2,334,Q18856,P8,"""Q54848544""",add wikidata QID (Harlem Stage),,
2,335,Q18856,P9,https://www.wikidata.org/wiki/Q54848544,add wikidata URI (Harlem Stage),,
2,336,Q18856,P11,Q18807,associate item with Linking Lost Jazz Shrines (Harlem Stage),,
2,337,Q18857,P1,Q18806,assign to class (Jazz 966),,
2,338,Q18857,P8,"""Q65548897""",add wikidata QID (Jazz 966),,
2,339,Q18857,P9,https://www.wikidata.org/wiki/Q65548897,add wikidata URI (Jazz 966),,
2,340,Q18857,P11,Q18807,associate item with Linking Lost Jazz Shrines (Jazz 966),,
2,341,Q18814,P1,Q18805,assign to class (Jazz Contemporaries),,
2,342,Q18814,P8,"""Q65553396""",add wikidata QID (Jazz Contemporaries),,
2,343,Q18814,P9,https://www.wikidata.org/wiki/Q65553396,add wikidata URI (Jazz Contemporaries),,
2,344,Q18814,P11,Q18807,associate item with Linking Lost Jazz Shrines (Jazz Contemporaries),,
2,345,Q18815,P1,Q18805,assign to class (Jazz Hounds),,
2,346,Q18815,P8,"""Q69104759""",add wikidata QID (Jazz Hounds),,
2,347,Q18815,P9,https://www.wikidata.org/wiki/Q69104759,add wikidata URI (Jazz Hounds),,
2,348,Q18815,P11,Q18807,associate item with Linking Lost Jazz Shrines (Jazz Hounds),,
2,349,Q18816,P1,Q18805,assign to class (Jazz Standard),,
2,350,Q18816,P11,Q18807,associate item with Linking Lost Jazz Shrines (Jazz Standard),,
2,351,Q18858,P1,Q18806,assign to class (Jefferson Bar),,
2,352,Q18858,P8,"""Q68931959""",add wikidata QID (Jefferson Bar),,
2,353,Q18858,P9,https://www.wikidata.org/wiki/Q68931959,add wikidata URI (Jefferson Bar),,
2,354,Q18858,P11,Q18807,associate item with Linking Lost Jazz Shrines (Jefferson Bar),,
2,355,Q18859,P1,Q18806,assign to class (K & C Lounge),,
2,356,Q18859,P11,Q18807,associate item with Linking Lost Jazz Shrines (K & C Lounge),,
2,357,Q18860,P1,Q18806,assign to class (Kingston Lounge),,
2,358,Q18860,P8,"""Q65548659""",add wikidata QID (Kingston Lounge),,
2,359,Q18860,P9,https://www.wikidata.org/wiki/Q65548659,add wikidata URI (Kingston Lounge),,
2,360,Q18860,P11,Q18807,associate item with Linking Lost Jazz Shrines (Kingston Lounge),,
2,361,Q18861,P1,Q18806,assign to class (Lennox Lounge),,
2,362,Q18861,P11,Q18807,associate item with Linking Lost Jazz Shrines (Lennox Lounge),,
2,363,Q18862,P1,Q18806,assign to class (Loew's Brevoort Theatre),,
2,364,Q18862,P8,"""Q45033588""",add wikidata QID (Loew's Brevoort Theatre),,
2,365,Q18862,P9,https://www.wikidata.org/wiki/Q45033588,add wikidata URI (Loew's Brevoort Theatre),,
2,366,Q18862,P11,Q18807,associate item with Linking Lost Jazz Shrines (Loew's Brevoort Theatre),,
2,367,Q18863,P1,Q18806,assign to class (Lucky Spot),,
2,368,Q18863,P11,Q18807,associate item with Linking Lost Jazz Shrines (Lucky Spot),,
2,369,Q18864,P1,Q18806,assign to class (Medger Evers College),,
2,370,Q18864,P8,"""Q6805332""",add wikidata QID (Medger Evers College),,
2,371,Q18864,P9,https://www.wikidata.org/wiki/Q6805332,add wikidata URI (Medger Evers College),,
2,372,Q18864,P11,Q18807,associate item with Linking Lost Jazz Shrines (Medger Evers College),,
2,373,Q18817,P1,Q18805,assign to class (MJT+3),,
2,374,Q18817,P11,Q18807,associate item with Linking Lost Jazz Shrines (MJT+3),,
2,375,Q18865,P1,Q18806,assign to class (Morris-Jumel Mansion),,
2,376,Q18865,P8,"""Q1948466""",add wikidata QID (Morris-Jumel Mansion),,
2,377,Q18865,P9,https://www.wikidata.org/wiki/Q1948466,add wikidata URI (Morris-Jumel Mansion),,
2,378,Q18865,P11,Q18807,associate item with Linking Lost Jazz Shrines (Morris-Jumel Mansion),,
2,379,Q18866,P1,Q18806,assign to class (Moulin Rouge),,
2,380,Q18866,P11,Q18807,associate item with Linking Lost Jazz Shrines (Moulin Rouge),,
2,381,Q18818,P1,Q18805,assign to class (Mtume),,
2,382,Q18818,P8,"""Q2745611""",add wikidata QID (Mtume),,
2,383,Q18818,P9,https://www.wikidata.org/wiki/Q2745611,add wikidata URI (Mtume),,
2,384,Q18818,P11,Q18807,associate item with Linking Lost Jazz Shrines (Mtume),,
2,385,Q18867,P1,Q18806,assign to class (Palladium),,
2,386,Q18867,P8,"""Q7127710""",add wikidata QID (Palladium),,
2,387,Q18867,P9,https://www.wikidata.org/wiki/Q7127710,add wikidata URI (Palladium),,
2,388,Q18867,P11,Q18807,associate item with Linking Lost Jazz Shrines (Palladium),,
2,389,Q18868,P1,Q18806,assign to class (Paul's),,
2,390,Q18868,P8,"""Q68931964""",add wikidata QID (Paul's),,
2,391,Q18868,P9,https://www.wikidata.org/wiki/Q68931964,add wikidata URI (Paul's),,
2,392,Q18868,P11,Q18807,associate item with Linking Lost Jazz Shrines (Paul's),,
2,393,Q18869,P1,Q18806,assign to class (Pookie’s),,
2,394,Q18869,P11,Q18807,associate item with Linking Lost Jazz Shrines (Pookie’s),,
2,395,Q18870,P1,Q18806,assign to class (Pumpkin's),,
2,396,Q18870,P11,Q18807,associate item with Linking Lost Jazz Shrines (Pumpkin's),,
2,397,Q18871,P1,Q18806,assign to class (Putnam Central),,
2,398,Q18871,P8,"""Q65548664""",add wikidata QID (Putnam Central),,
2,399,Q18871,P9,https://www.wikidata.org/wiki/Q65548664,add wikidata URI (Putnam Central),,
2,400,Q18871,P11,Q18807,associate item with Linking Lost Jazz Shrines (Putnam Central),,
2,401,Q18872,P1,Q18806,assign to class (Putnam Theater),,
2,402,Q18872,P11,Q18807,associate item with Linking Lost Jazz Shrines (Putnam Theater),,
2,403,Q18819,P1,Q18805,assign to class (Ray Abrams Big Band),,
2,404,Q18819,P11,Q18807,associate item with Linking Lost Jazz Shrines (Ray Abrams Big Band),,
2,405,Q18820,P1,Q18805,assign to class (Roy Haynes Quartet),,
2,406,Q18820,P11,Q18807,associate item with Linking Lost Jazz Shrines (Roy Haynes Quartet),,
2,407,Q18821,P1,Q18805,assign to class (Run DMC),,
2,408,Q18821,P8,"""Q159351""",add wikidata QID (Run DMC),,
2,409,Q18821,P9,https://www.wikidata.org/wiki/Q159351,add wikidata URI (Run DMC),,
2,410,Q18821,P11,Q18807,associate item with Linking Lost Jazz Shrines (Run DMC),,
2,411,Q18873,P1,Q18806,assign to class (Rustic Tavern),,
2,412,Q18873,P11,Q18807,associate item with Linking Lost Jazz Shrines (Rustic Tavern),,
2,413,Q18874,P1,Q18806,assign to class (Sankofa),,
2,414,Q18874,P8,"""Q66930935""",add wikidata QID (Sankofa),,
2,415,Q18874,P9,https://www.wikidata.org/wiki/Q66930935,add wikidata URI (Sankofa),,
2,416,Q18874,P11,Q18807,associate item with Linking Lost Jazz Shrines (Sankofa),,
2,417,Q18875,P1,Q18806,assign to class (Savoy Ballroom),,
2,418,Q18875,P11,Q18807,associate item with Linking Lost Jazz Shrines (Savoy Ballroom),,
2,419,Q18876,P1,Q18806,assign to class (Sista's Place),,
2,420,Q18876,P8,"""Q65548899""",add wikidata QID (Sista's Place),,
2,421,Q18876,P9,https://www.wikidata.org/wiki/Q65548899,add wikidata URI (Sista's Place),,
2,422,Q18876,P11,Q18807,associate item with Linking Lost Jazz Shrines (Sista's Place),,
2,423,Q18877,P1,Q18806,assign to class (Slave Theater),,
2,424,Q18877,P8,"""Q65548896""",add wikidata QID (Slave Theater),,
2,425,Q18877,P9,https://www.wikidata.org/wiki/Q65548896,add wikidata URI (Slave Theater),,
2,426,Q18877,P11,Q18807,associate item with Linking Lost Jazz Shrines (Slave Theater),,
2,427,Q18822,P1,Q18805,assign to class (Slide Hampton Octet),,
2,428,Q18822,P11,Q18807,associate item with Linking Lost Jazz Shrines (Slide Hampton Octet),,
2,429,Q18878,P1,Q18806,assign to class (Slug's),,
2,430,Q18878,P8,"""Q2294736""",add wikidata QID (Slug's),,
2,431,Q18878,P9,https://www.wikidata.org/wiki/Q2294736,add wikidata URI (Slug's),,
2,432,Q18878,P11,Q18807,associate item with Linking Lost Jazz Shrines (Slug's),,
2,433,Q18879,P1,Q18806,assign to class (Smuckers),,
2,434,Q18879,P8,"""Q68924470""",add wikidata QID (Smuckers),,
2,435,Q18879,P9,https://www.wikidata.org/wiki/Q68924470,add wikidata URI (Smuckers),,
2,436,Q18879,P11,Q18807,associate item with Linking Lost Jazz Shrines (Smuckers),,
2,437,Q18880,P1,Q18806,assign to class (Solomon’s Porch),,
2,438,Q18880,P11,Q18807,associate item with Linking Lost Jazz Shrines (Solomon’s Porch),,
2,439,Q18881,P1,Q18806,assign to class (Sonya Ballroom),,
2,440,Q18881,P8,"""Q65548662""",add wikidata QID (Sonya Ballroom),,
2,441,Q18881,P9,https://www.wikidata.org/wiki/Q65548662,add wikidata URI (Sonya Ballroom),,
2,442,Q18881,P11,Q18807,associate item with Linking Lost Jazz Shrines (Sonya Ballroom),,
2,443,Q18882,P1,Q18806,assign to class (St. Nick's Pub),,
2,444,Q18882,P8,"""Q55633804""",add wikidata QID (St. Nick's Pub),,
2,445,Q18882,P9,https://www.wikidata.org/wiki/Q55633804,add wikidata URI (St. Nick's Pub),,
2,446,Q18882,P11,Q18807,associate item with Linking Lost Jazz Shrines (St. Nick's Pub),,
2,447,Q18883,P1,Q18806,assign to class (Sugar Hill),,
2,448,Q18883,P11,Q18807,associate item with Linking Lost Jazz Shrines (Sugar Hill),,
2,449,Q18823,P1,Q18805,assign to class (Swing to Bop Quintet),,
2,450,Q18823,P8,"""Q69104763""",add wikidata QID (Swing to Bop Quintet),,
2,451,Q18823,P9,https://www.wikidata.org/wiki/Q69104763,add wikidata URI (Swing to Bop Quintet),,
2,452,Q18823,P11,Q18807,associate item with Linking Lost Jazz Shrines (Swing to Bop Quintet),,
2,453,Q18824,P1,Q18805,assign to class (The Berry Brothers),,
2,454,Q18824,P8,"""Q4894765""",add wikidata QID (The Berry Brothers),,
2,455,Q18824,P9,https://www.wikidata.org/wiki/Q4894765,add wikidata URI (The Berry Brothers),,
2,456,Q18824,P11,Q18807,associate item with Linking Lost Jazz Shrines (The Berry Brothers),,
2,457,Q18884,P1,Q18806,assign to class (The Continental),,
2,458,Q18884,P8,"""Q65548901""",add wikidata QID (The Continental),,
2,459,Q18884,P9,https://www.wikidata.org/wiki/Q65548901,add wikidata URI (The Continental),,
2,460,Q18884,P11,Q18807,associate item with Linking Lost Jazz Shrines (The Continental),,
2,461,Q18885,P1,Q18806,assign to class (The East),,
2,462,Q18885,P8,"""Q48806213""",add wikidata QID (The East),,
2,463,Q18885,P9,https://www.wikidata.org/wiki/Q48806213,add wikidata URI (The East),,
2,464,Q18885,P11,Q18807,associate item with Linking Lost Jazz Shrines (The East),,
2,465,Q18886,P1,Q18806,assign to class (The Elks Club),,
2,466,Q18886,P8,"""Q65548663""",add wikidata QID (The Elks Club),,
2,467,Q18886,P9,https://www.wikidata.org/wiki/Q65548663,add wikidata URI (The Elks Club),,
2,468,Q18886,P11,Q18807,associate item with Linking Lost Jazz Shrines (The Elks Club),,
2,469,Q18887,P1,Q18806,assign to class (The Fantasy),,
2,470,Q18887,P11,Q18807,associate item with Linking Lost Jazz Shrines (The Fantasy),,
2,471,Q18888,P1,Q18806,assign to class (The Happy Landing),,
2,472,Q18888,P8,"""Q72889802""",add wikidata QID (The Happy Landing),,
2,473,Q18888,P9,https://www.wikidata.org/wiki/Q72889802,add wikidata URI (The Happy Landing),,
2,474,Q18888,P11,Q18807,associate item with Linking Lost Jazz Shrines (The Happy Landing),,
2,475,Q18889,P1,Q18806,assign to class (The Hole),,
2,476,Q18889,P11,Q18807,associate item with Linking Lost Jazz Shrines (The Hole),,
2,477,Q18890,P1,Q18806,assign to class (The Id),,
2,478,Q18890,P11,Q18807,associate item with Linking Lost Jazz Shrines (The Id),,
2,479,Q18825,P1,Q18805,assign to class (The Jazz Messengers),,
2,480,Q18825,P8,"""Q1684482""",add wikidata QID (The Jazz Messengers),,
2,481,Q18825,P9,https://www.wikidata.org/wiki/Q1684482,add wikidata URI (The Jazz Messengers),,
2,482,Q18825,P11,Q18807,associate item with Linking Lost Jazz Shrines (The Jazz Messengers),,
2,483,Q18891,P1,Q18806,assign to class (The Jazz Spot),,
2,484,Q18891,P11,Q18807,associate item with Linking Lost Jazz Shrines (The Jazz Spot),,
2,485,Q18826,P1,Q18805,assign to class (The Jazztet),,
2,486,Q18826,P8,"""Q16849865""",add wikidata QID (The Jazztet),,
2,487,Q18826,P9,https://www.wikidata.org/wiki/Q16849865,add wikidata URI (The Jazztet),,
2,488,Q18826,P11,Q18807,associate item with Linking Lost Jazz Shrines (The Jazztet),,
2,489,Q18892,P1,Q18806,assign to class (The Kitchen NYC),,
2,490,Q18892,P8,"""Q1796286""",add wikidata QID (The Kitchen NYC),,
2,491,Q18892,P9,https://www.wikidata.org/wiki/Q1796286,add wikidata URI (The Kitchen NYC),,
2,492,Q18892,P11,Q18807,associate item with Linking Lost Jazz Shrines (The Kitchen NYC),,
2,493,Q18893,P1,Q18806,assign to class (The Monaco),,
2,494,Q18893,P8,"""Q68931961""",add wikidata QID (The Monaco),,
2,495,Q18893,P9,https://www.wikidata.org/wiki/Q68931961,add wikidata URI (The Monaco),,
2,496,Q18893,P11,Q18807,associate item with Linking Lost Jazz Shrines (The Monaco),,
2,497,Q18894,P1,Q18806,assign to class (The Muse),,
2,498,Q18894,P8,"""Q65548898""",add wikidata QID (The Muse),,
2,499,Q18894,P9,https://www.wikidata.org/wiki/Q65548898,add wikidata URI (The Muse),,
2,500,Q18894,P11,Q18807,associate item with Linking Lost Jazz Shrines (The Muse),,
2,501,Q18895,P1,Q18806,assign to class (The Vanguard),,
2,502,Q18895,P8,"""Q670623""",add wikidata QID (The Vanguard),,
2,503,Q18895,P9,https://www.wikidata.org/wiki/Q670623,add wikidata URI (The Vanguard),,
2,504,Q18895,P11,Q18807,associate item with Linking Lost Jazz Shrines (The Vanguard),,
2,505,Q18896,P1,Q18806,assign to class (Tiffany Lounge),,
2,506,Q18896,P8,"""Q68931965""",add wikidata QID (Tiffany Lounge),,
2,507,Q18896,P9,https://www.wikidata.org/wiki/Q68931965,add wikidata URI (Tiffany Lounge),,
2,508,Q18896,P11,Q18807,associate item with Linking Lost Jazz Shrines (Tiffany Lounge),,
2,509,Q18897,P1,Q18806,assign to class (Tip Top Inn),,
2,510,Q18897,P11,Q18807,associate item with Linking Lost Jazz Shrines (Tip Top Inn),,
2,511,Q18898,P1,Q18806,assign to class (Tony's Grand Dean),,
2,512,Q18898,P8,"""Q65548904""",add wikidata QID (Tony's Grand Dean),,
2,513,Q18898,P9,https://www.wikidata.org/wiki/Q65548904,add wikidata URI (Tony's Grand Dean),,
2,514,Q18898,P11,Q18807,associate item with Linking Lost Jazz Shrines (Tony's Grand Dean),,
2,515,Q18899,P1,Q18806,assign to class (Town & Country),,
2,516,Q18899,P8,"""Q65548905""",add wikidata QID (Town & Country),,
2,517,Q18899,P9,https://www.wikidata.org/wiki/Q65548905,add wikidata URI (Town & Country),,
2,518,Q18899,P11,Q18807,associate item with Linking Lost Jazz Shrines (Town & Country),,
2,519,Q18900,P1,Q18806,assign to class (Town Hill),,
2,520,Q18900,P11,Q18807,associate item with Linking Lost Jazz Shrines (Town Hill),,
2,521,Q18901,P1,Q18806,assign to class (Turbo Village),,
2,522,Q18901,P8,"""Q65548906""",add wikidata QID (Turbo Village),,
2,523,Q18901,P9,https://www.wikidata.org/wiki/Q65548906,add wikidata URI (Turbo Village),,
2,524,Q18901,P11,Q18807,associate item with Linking Lost Jazz Shrines (Turbo Village),,
2,525,Q18902,P1,Q18806,assign to class (Two Steps Down),,
2,526,Q18902,P11,Q18807,associate item with Linking Lost Jazz Shrines (Two Steps Down),,
2,527,Q18903,P1,Q18806,assign to class (Up Over Jazz Café),,
2,528,Q18903,P8,"""Q65548902""",add wikidata QID (Up Over Jazz Café),,
2,529,Q18903,P9,https://www.wikidata.org/wiki/Q65548902,add wikidata URI (Up Over Jazz Café),,
2,530,Q18903,P11,Q18807,associate item with Linking Lost Jazz Shrines (Up Over Jazz Café),,
2,531,Q18904,P1,Q18806,assign to class (Valhalla),,
2,532,Q18904,P8,"""Q68946503""",add wikidata QID (Valhalla),,
2,533,Q18904,P9,https://www.wikidata.org/wiki/Q68946503,add wikidata URI (Valhalla),,
2,534,Q18904,P11,Q18807,associate item with Linking Lost Jazz Shrines (Valhalla),,
2,535,Q18905,P1,Q18806,assign to class (Verona Café),,
2,536,Q18905,P11,Q18807,associate item with Linking Lost Jazz Shrines (Verona Café),,
2,537,Q18906,P1,Q18806,assign to class (Village Gate),,
2,538,Q18906,P8,"""Q1128095""",add wikidata QID (Village Gate),,
2,539,Q18906,P9,https://www.wikidata.org/wiki/Q1128095,add wikidata URI (Village Gate),,
2,540,Q18906,P11,Q18807,associate item with Linking Lost Jazz Shrines (Village Gate),,
2,541,Q18907,P1,Q18806,assign to class (Wells),,
2,542,Q18907,P11,Q18807,associate item with Linking Lost Jazz Shrines (Wells),,
2,543,Q18908,P1,Q18806,assign to class (West End Cafe),,
2,544,Q18908,P8,"""Q27926680""",add wikidata QID (West End Cafe),,
2,545,Q18908,P9,https://www.wikidata.org/wiki/Q27926680,add wikidata URI (West End Cafe),,
2,546,Q18908,P11,Q18807,associate item with Linking Lost Jazz Shrines (West End Cafe),,
2,547,Q18909,P1,Q18806,assign to class (Williamsburg Music Center),,
2,548,Q18909,P11,Q18807,associate item with Linking Lost Jazz Shrines (Williamsburg Music Center),,
2,549,Q18910,P1,Q18806,assign to class (Willoughby Temple),,
2,550,Q18910,P8,"""Q65548907""",add wikidata QID (Willoughby Temple),,
2,551,Q18910,P9,https://www.wikidata.org/wiki/Q65548907,add wikidata URI (Willoughby Temple),,
2,552,Q18910,P11,Q18807,associate item with Linking Lost Jazz Shrines (Willoughby Temple),,
2,553,Q18911,P1,Q18806,assign to class (Wishco Manor),,
2,554,Q18911,P11,Q18807,associate item with Linking Lost Jazz Shrines (Wishco Manor),,
2,555,Q18912,P1,Q1,assign to class (Ahmed Abdul-Malik),,
2,556,Q18912,P11,Q18807,associate item with Linking Lost Jazz Shrines (Ahmed Abdul-Malik),,
2,557,Q18912,P8,"""Q401088""",add wikidata QID (Ahmed Abdul-Malik),,
2,558,Q18912,P9,https://www.wikidata.org/wiki/Q401088,add wikidata URI (Ahmed Abdul-Malik),,
2,559,Q18913,P1,Q1,assign to class (Ahmed Abdullah),,
2,560,Q18913,P11,Q18807,associate item with Linking Lost Jazz Shrines (Ahmed Abdullah),,
2,561,Q18913,P8,"""Q401094""",add wikidata QID (Ahmed Abdullah),,
2,562,Q18913,P9,https://www.wikidata.org/wiki/Q401094,add wikidata URI (Ahmed Abdullah),,
2,563,Q18914,P1,Q1,assign to class (Al Plank),,
2,564,Q18914,P11,Q18807,associate item with Linking Lost Jazz Shrines (Al Plank),,
2,565,Q18914,P8,"""Q65554923""",add wikidata QID (Al Plank),,
2,566,Q18914,P9,https://www.wikidata.org/wiki/Q65554923,add wikidata URI (Al Plank),,
2,567,Q18915,P1,Q1,assign to class (Alma Carroll),,
2,568,Q18915,P11,Q18807,associate item with Linking Lost Jazz Shrines (Alma Carroll),,
2,569,Q18915,P8,"""Q61041693""",add wikidata QID (Alma Carroll),,
2,570,Q18915,P9,https://www.wikidata.org/wiki/Q61041693,add wikidata URI (Alma Carroll),,
2,571,Q18916,P1,Q1,assign to class (Andre Strobert),,
2,572,Q18916,P11,Q18807,associate item with Linking Lost Jazz Shrines (Andre Strobert),,
2,573,Q18917,P1,Q1,assign to class (Armando Peraza),,
2,574,Q18917,P11,Q18807,associate item with Linking Lost Jazz Shrines (Armando Peraza),,
2,575,Q18917,P8,"""Q678703""",add wikidata QID (Armando Peraza),,
2,576,Q18917,P9,https://www.wikidata.org/wiki/Q678703,add wikidata URI (Armando Peraza),,
2,577,Q18918,P1,Q1,assign to class (Ben Holliman),,
2,578,Q18918,P11,Q18807,associate item with Linking Lost Jazz Shrines (Ben Holliman),,
2,579,Q18919,P1,Q1,assign to class (Bernice Brooks),,
2,580,Q18919,P11,Q18807,associate item with Linking Lost Jazz Shrines (Bernice Brooks),,
2,581,Q18920,P1,Q1,assign to class (Bill Rutherford),,
2,582,Q18920,P11,Q18807,associate item with Linking Lost Jazz Shrines (Bill Rutherford),,
2,583,Q18920,P8,"""Q69925736""",add wikidata QID (Bill Rutherford),,
2,584,Q18920,P9,https://www.wikidata.org/wiki/Q69925736,add wikidata URI (Bill Rutherford),,
2,585,Q18921,P1,Q1,assign to class (Deborah Harry),,
2,586,Q18921,P11,Q18807,associate item with Linking Lost Jazz Shrines (Deborah Harry),,
2,587,Q18921,P8,"""Q215026""",add wikidata QID (Deborah Harry),,
2,588,Q18921,P9,https://www.wikidata.org/wiki/Q215026,add wikidata URI (Deborah Harry),,
2,589,Q18922,P1,Q1,assign to class (Bob Cunningham),,
2,590,Q18922,P11,Q18807,associate item with Linking Lost Jazz Shrines (Bob Cunningham),,
2,591,Q18922,P8,"""Q887872""",add wikidata QID (Bob Cunningham),,
2,592,Q18922,P9,https://www.wikidata.org/wiki/Q887872,add wikidata URI (Bob Cunningham),,
2,593,Q18923,P1,Q1,assign to class (Bob Meyers),,
2,594,Q18923,P11,Q18807,associate item with Linking Lost Jazz Shrines (Bob Meyers),,
2,595,Q18923,P8,"""Q65548832""",add wikidata QID (Bob Meyers),,
2,596,Q18923,P9,https://www.wikidata.org/wiki/Q65548832,add wikidata URI (Bob Meyers),,
2,597,Q18924,P1,Q1,assign to class (Bobby Timmons),,
2,598,Q18924,P11,Q18807,associate item with Linking Lost Jazz Shrines (Bobby Timmons),,
2,599,Q18924,P8,"""Q132341""",add wikidata QID (Bobby Timmons),,
2,600,Q18924,P9,https://www.wikidata.org/wiki/Q132341,add wikidata URI (Bobby Timmons),,
2,601,Q18925,P1,Q1,assign to class (Buddy Williams),,
2,602,Q18925,P11,Q18807,associate item with Linking Lost Jazz Shrines (Buddy Williams),,
2,603,Q18925,P8,"""Q4984966""",add wikidata QID (Buddy Williams),,
2,604,Q18925,P9,https://www.wikidata.org/wiki/Q4984966,add wikidata URI (Buddy Williams),,
2,605,Q18926,P1,Q1,assign to class (Burt Keyes),,
2,606,Q18926,P11,Q18807,associate item with Linking Lost Jazz Shrines (Burt Keyes),,
2,607,Q18926,P8,"""Q61812707""",add wikidata QID (Burt Keyes),,
2,608,Q18926,P9,https://www.wikidata.org/wiki/Q61812707,add wikidata URI (Burt Keyes),,
2,609,Q18927,P1,Q1,assign to class (Cannon Miller),,
2,610,Q18927,P11,Q18807,associate item with Linking Lost Jazz Shrines (Cannon Miller),,
2,611,Q18928,P1,Q1,assign to class (Carlos Patato Valdes),,
2,612,Q18928,P11,Q18807,associate item with Linking Lost Jazz Shrines (Carlos Patato Valdes),,
2,613,Q18928,P8,"""Q947392""",add wikidata QID (Carlos Patato Valdes),,
2,614,Q18928,P9,https://www.wikidata.org/wiki/Q947392,add wikidata URI (Carlos Patato Valdes),,
2,615,Q18929,P1,Q1,assign to class (Carlos Garnett),,
2,616,Q18929,P11,Q18807,associate item with Linking Lost Jazz Shrines (Carlos Garnett),,
2,617,Q18929,P8,"""Q212339""",add wikidata QID (Carlos Garnett),,
2,618,Q18929,P9,https://www.wikidata.org/wiki/Q212339,add wikidata URI (Carlos Garnett),,
2,619,Q18930,P1,Q1,assign to class (Cecil Bolden),,
2,620,Q18930,P11,Q18807,associate item with Linking Lost Jazz Shrines (Cecil Bolden),,
2,621,Q18931,P1,Q1,assign to class (Cecil Payne),,
2,622,Q18931,P11,Q18807,associate item with Linking Lost Jazz Shrines (Cecil Payne),,
2,623,Q18931,P8,"""Q485927""",add wikidata QID (Cecil Payne),,
2,624,Q18931,P9,https://www.wikidata.org/wiki/Q485927,add wikidata URI (Cecil Payne),,
2,625,Q18932,P1,Q1,assign to class (Chief Bey),,
2,626,Q18932,P11,Q18807,associate item with Linking Lost Jazz Shrines (Chief Bey),,
2,627,Q18932,P8,"""Q5096668""",add wikidata QID (Chief Bey),,
2,628,Q18932,P9,https://www.wikidata.org/wiki/Q5096668,add wikidata URI (Chief Bey),,
2,629,Q18933,P1,Q1,assign to class (Clifford Jarvis),,
2,630,Q18933,P11,Q18807,associate item with Linking Lost Jazz Shrines (Clifford Jarvis),,
2,631,Q18933,P8,"""Q356881""",add wikidata QID (Clifford Jarvis),,
2,632,Q18933,P9,https://www.wikidata.org/wiki/Q356881,add wikidata URI (Clifford Jarvis),,
2,633,Q18934,P1,Q1,assign to class (Curtis Mayfield),,
2,634,Q18934,P11,Q18807,associate item with Linking Lost Jazz Shrines (Curtis Mayfield),,
2,635,Q18934,P8,"""Q310170""",add wikidata QID (Curtis Mayfield),,
2,636,Q18934,P9,https://www.wikidata.org/wiki/Q310170,add wikidata URI (Curtis Mayfield),,
2,637,Q18935,P1,Q1,assign to class (Enos Payne),,
2,638,Q18935,P11,Q18807,associate item with Linking Lost Jazz Shrines (Enos Payne),,
2,639,Q18935,P8,"""Q65554916""",add wikidata QID (Enos Payne),,
2,640,Q18935,P9,https://www.wikidata.org/wiki/Q65554916,add wikidata URI (Enos Payne),,
2,641,Q18936,P1,Q1,assign to class (Donald Sangster),,
2,642,Q18936,P11,Q18807,associate item with Linking Lost Jazz Shrines (Donald Sangster),,
2,643,Q18936,P8,"""Q65554926""",add wikidata QID (Donald Sangster),,
2,644,Q18936,P9,https://www.wikidata.org/wiki/Q65554926,add wikidata URI (Donald Sangster),,
2,645,Q18937,P1,Q1,assign to class (Doug Carn),,
2,646,Q18937,P11,Q18807,associate item with Linking Lost Jazz Shrines (Doug Carn),,
2,647,Q18937,P8,"""Q2787266""",add wikidata QID (Doug Carn),,
2,648,Q18937,P9,https://www.wikidata.org/wiki/Q2787266,add wikidata URI (Doug Carn),,
2,649,Q18938,P1,Q1,assign to class (Ed Beach),,
2,650,Q18938,P11,Q18807,associate item with Linking Lost Jazz Shrines (Ed Beach),,
2,651,Q18939,P1,Q1,assign to class (Eddie Freeman),,
2,652,Q18939,P11,Q18807,associate item with Linking Lost Jazz Shrines (Eddie Freeman),,
2,653,Q18939,P8,"""Q5336042""",add wikidata QID (Eddie Freeman),,
2,654,Q18939,P9,https://www.wikidata.org/wiki/Q5336042,add wikidata URI (Eddie Freeman),,
2,655,Q18940,P1,Q1,assign to class (Eddie Hamilton),,
2,656,Q18940,P11,Q18807,associate item with Linking Lost Jazz Shrines (Eddie Hamilton),,
2,657,Q18941,P1,Q1,assign to class (Edwin Stoute),,
2,658,Q18941,P11,Q18807,associate item with Linking Lost Jazz Shrines (Edwin Stoute),,
2,659,Q18941,P8,"""Q65554906""",add wikidata QID (Edwin Stoute),,
2,660,Q18941,P9,https://www.wikidata.org/wiki/Q65554906,add wikidata URI (Edwin Stoute),,
2,661,Q18942,P1,Q1,assign to class (Elaine Applin),,
2,662,Q18942,P11,Q18807,associate item with Linking Lost Jazz Shrines (Elaine Applin),,
2,663,Q18943,P1,Q1,assign to class (Ernie Henry),,
2,664,Q18943,P11,Q18807,associate item with Linking Lost Jazz Shrines (Ernie Henry),,
2,665,Q18943,P8,"""Q1356914""",add wikidata QID (Ernie Henry),,
2,666,Q18943,P9,https://www.wikidata.org/wiki/Q1356914,add wikidata URI (Ernie Henry),,
2,667,Q18944,P1,Q1,assign to class (Etta Jones),,
2,668,Q18944,P11,Q18807,associate item with Linking Lost Jazz Shrines (Etta Jones),,
2,669,Q18944,P8,"""Q463113""",add wikidata QID (Etta Jones),,
2,670,Q18944,P9,https://www.wikidata.org/wiki/Q463113,add wikidata URI (Etta Jones),,
2,671,Q18945,P1,Q1,assign to class (Fab Five Freddy),,
2,672,Q18945,P11,Q18807,associate item with Linking Lost Jazz Shrines (Fab Five Freddy),,
2,673,Q18945,P8,"""Q958532""",add wikidata QID (Fab Five Freddy),,
2,674,Q18945,P9,https://www.wikidata.org/wiki/Q958532,add wikidata URI (Fab Five Freddy),,
2,675,Q18946,P1,Q1,assign to class (Frankie Lyman),,
2,676,Q18946,P11,Q18807,associate item with Linking Lost Jazz Shrines (Frankie Lyman),,
2,677,Q18946,P8,"""Q683420""",add wikidata QID (Frankie Lyman),,
2,678,Q18946,P9,https://www.wikidata.org/wiki/Q683420,add wikidata URI (Frankie Lyman),,
2,679,Q18947,P1,Q1,"assign to class (Fred Braithwaite, Sr.)",,
2,680,Q18947,P11,Q18807,"associate item with Linking Lost Jazz Shrines (Fred Braithwaite, Sr.)",,
2,681,Q18947,P8,"""Q65554917""","add wikidata QID (Fred Braithwaite, Sr.)",,
2,682,Q18947,P9,https://www.wikidata.org/wiki/Q65554917,"add wikidata URI (Fred Braithwaite, Sr.)",,
2,683,Q18948,P1,Q1,assign to class (Freddie Cole),,
2,684,Q18948,P11,Q18807,associate item with Linking Lost Jazz Shrines (Freddie Cole),,
2,685,Q18948,P8,"""Q180408""",add wikidata QID (Freddie Cole),,
2,686,Q18948,P9,https://www.wikidata.org/wiki/Q180408,add wikidata URI (Freddie Cole),,
2,687,Q18949,P1,Q1,assign to class (Gary Bartz),,
2,688,Q18949,P11,Q18807,associate item with Linking Lost Jazz Shrines (Gary Bartz),,
2,689,Q18949,P8,"""Q1494823""",add wikidata QID (Gary Bartz),,
2,690,Q18949,P9,https://www.wikidata.org/wiki/Q1494823,add wikidata URI (Gary Bartz),,
2,691,Q18950,P1,Q1,assign to class (Gil Coggins),,
2,692,Q18950,P11,Q18807,associate item with Linking Lost Jazz Shrines (Gil Coggins),,
2,693,Q18950,P8,"""Q1523803""",add wikidata QID (Gil Coggins),,
2,694,Q18950,P9,https://www.wikidata.org/wiki/Q1523803,add wikidata URI (Gil Coggins),,
2,695,Q18951,P1,Q1,assign to class (Grant Green),,
2,696,Q18951,P11,Q18807,associate item with Linking Lost Jazz Shrines (Grant Green),,
2,697,Q18951,P8,"""Q601427""",add wikidata QID (Grant Green),,
2,698,Q18951,P9,https://www.wikidata.org/wiki/Q601427,add wikidata URI (Grant Green),,
2,699,Q18952,P1,Q1,assign to class (Haki R. Madhubuti),,
2,700,Q18952,P11,Q18807,associate item with Linking Lost Jazz Shrines (Haki R. Madhubuti),,
2,701,Q18952,P8,"""Q5640451""",add wikidata QID (Haki R. Madhubuti),,
2,702,Q18952,P9,https://www.wikidata.org/wiki/Q5640451,add wikidata URI (Haki R. Madhubuti),,
2,703,Q18953,P1,Q1,assign to class (Harold Cumberbatch),,
2,704,Q18953,P11,Q18807,associate item with Linking Lost Jazz Shrines (Harold Cumberbatch),,
2,705,Q18953,P8,"""Q69103316""",add wikidata QID (Harold Cumberbatch),,
2,706,Q18953,P9,https://www.wikidata.org/wiki/Q69103316,add wikidata URI (Harold Cumberbatch),,
2,707,Q18954,P1,Q1,assign to class (Harold Mabern),,
2,708,Q18954,P11,Q18807,associate item with Linking Lost Jazz Shrines (Harold Mabern),,
2,709,Q18954,P8,"""Q323490""",add wikidata QID (Harold Mabern),,
2,710,Q18954,P9,https://www.wikidata.org/wiki/Q323490,add wikidata URI (Harold Mabern),,
2,711,Q18955,P1,Q1,assign to class (Harold Valle),,
2,712,Q18955,P11,Q18807,associate item with Linking Lost Jazz Shrines (Harold Valle),,
2,713,Q18955,P8,"""Q65554903""",add wikidata QID (Harold Valle),,
2,714,Q18955,P9,https://www.wikidata.org/wiki/Q65554903,add wikidata URI (Harold Valle),,
2,715,Q18956,P1,Q1,assign to class (Irvin Burgie),,
2,716,Q18956,P11,Q18807,associate item with Linking Lost Jazz Shrines (Irvin Burgie),,
2,717,Q18957,P1,Q1,assign to class (James Spaulding),,
2,718,Q18957,P11,Q18807,associate item with Linking Lost Jazz Shrines (James Spaulding),,
2,719,Q18957,P8,"""Q1681118""",add wikidata QID (James Spaulding),,
2,720,Q18957,P9,https://www.wikidata.org/wiki/Q1681118,add wikidata URI (James Spaulding),,
2,721,Q18958,P1,Q1,assign to class (James Sykes),,
2,722,Q18958,P11,Q18807,associate item with Linking Lost Jazz Shrines (James Sykes),,
2,723,Q18959,P1,Q1,assign to class (Jean Cam),,
2,724,Q18959,P11,Q18807,associate item with Linking Lost Jazz Shrines (Jean Cam),,
2,725,Q18960,P1,Q1,assign to class (Jean Carn),,
2,726,Q18960,P11,Q18807,associate item with Linking Lost Jazz Shrines (Jean Carn),,
2,727,Q18960,P8,"""Q6170374""",add wikidata QID (Jean Carn),,
2,728,Q18960,P9,https://www.wikidata.org/wiki/Q6170374,add wikidata URI (Jean Carn),,
2,729,Q18961,P1,Q1,assign to class (Jean Michel Basquiat),,
2,730,Q18961,P11,Q18807,associate item with Linking Lost Jazz Shrines (Jean Michel Basquiat),,
2,731,Q18961,P8,"""Q155407""",add wikidata QID (Jean Michel Basquiat),,
2,732,Q18961,P9,https://www.wikidata.org/wiki/Q155407,add wikidata URI (Jean Michel Basquiat),,
2,733,Q18962,P1,Q1,assign to class (Jean Spaulding),,
2,734,Q18962,P11,Q18807,associate item with Linking Lost Jazz Shrines (Jean Spaulding),,
2,735,Q18963,P1,Q1,assign to class (Jennifer Scott),,
2,736,Q18963,P11,Q18807,associate item with Linking Lost Jazz Shrines (Jennifer Scott),,
2,737,Q18964,P1,Q1,assign to class (Jim Harrison),,
2,738,Q18964,P11,Q18807,associate item with Linking Lost Jazz Shrines (Jim Harrison),,
2,739,Q18965,P1,Q1,assign to class (Jimmy Gittens),,
2,740,Q18965,P11,Q18807,associate item with Linking Lost Jazz Shrines (Jimmy Gittens),,
2,741,Q18965,P8,"""Q65554918""",add wikidata QID (Jimmy Gittens),,
2,742,Q18965,P9,https://www.wikidata.org/wiki/Q65554918,add wikidata URI (Jimmy Gittens),,
2,743,Q18966,P1,Q1,assign to class (Jimmy Morton),,
2,744,Q18966,P11,Q18807,associate item with Linking Lost Jazz Shrines (Jimmy Morton),,
2,745,Q18966,P8,"""Q65554908""",add wikidata QID (Jimmy Morton),,
2,746,Q18966,P9,https://www.wikidata.org/wiki/Q65554908,add wikidata URI (Jimmy Morton),,
2,747,Q18967,P1,Q1,assign to class (Jitu Weusi),,
2,748,Q18967,P11,Q18807,associate item with Linking Lost Jazz Shrines (Jitu Weusi),,
2,749,Q18967,P8,"""Q55418244""",add wikidata QID (Jitu Weusi),,
2,750,Q18967,P9,https://www.wikidata.org/wiki/Q55418244,add wikidata URI (Jitu Weusi),,
2,751,Q18968,P1,Q1,assign to class (Jo Ann Cheatham),,
2,752,Q18968,P11,Q18807,associate item with Linking Lost Jazz Shrines (Jo Ann Cheatham),,
2,753,Q18968,P8,"""Q65548169""",add wikidata QID (Jo Ann Cheatham),,
2,754,Q18968,P9,https://www.wikidata.org/wiki/Q65548169,add wikidata URI (Jo Ann Cheatham),,
2,755,Q18969,P1,Q1,assign to class (Joe Carroll),,
2,756,Q18969,P11,Q18807,associate item with Linking Lost Jazz Shrines (Joe Carroll),,
2,757,Q18969,P8,"""Q916929""",add wikidata QID (Joe Carroll),,
2,758,Q18969,P9,https://www.wikidata.org/wiki/Q916929,add wikidata URI (Joe Carroll),,
2,759,Q18970,P1,Q1,assign to class (Joe Knight),,
2,760,Q18970,P11,Q18807,associate item with Linking Lost Jazz Shrines (Joe Knight),,
2,761,Q18970,P8,"""Q55820361""",add wikidata QID (Joe Knight),,
2,762,Q18970,P9,https://www.wikidata.org/wiki/Q55820361,add wikidata URI (Joe Knight),,
2,763,Q18971,P1,Q1,assign to class (Joe Long),,
2,764,Q18971,P11,Q18807,associate item with Linking Lost Jazz Shrines (Joe Long),,
2,765,Q18971,P8,"""Q3433512""",add wikidata QID (Joe Long),,
2,766,Q18971,P9,https://www.wikidata.org/wiki/Q3433512,add wikidata URI (Joe Long),,
2,767,Q18972,P1,Q1,assign to class (John Orr),,
2,768,Q18972,P11,Q18807,associate item with Linking Lost Jazz Shrines (John Orr),,
2,769,Q18973,P1,Q1,assign to class (John Stevenson),,
2,770,Q18973,P11,Q18807,associate item with Linking Lost Jazz Shrines (John Stevenson),,
2,771,Q18973,P8,"""Q69103541""",add wikidata QID (John Stevenson),,
2,772,Q18973,P9,https://www.wikidata.org/wiki/Q69103541,add wikidata URI (John Stevenson),,
2,773,Q18974,P1,Q1,assign to class (Jymie Merritt),,
2,774,Q18974,P11,Q18807,associate item with Linking Lost Jazz Shrines (Jymie Merritt),,
2,775,Q18974,P8,"""Q1714736""",add wikidata QID (Jymie Merritt),,
2,776,Q18974,P9,https://www.wikidata.org/wiki/Q1714736,add wikidata URI (Jymie Merritt),,
2,777,Q18975,P1,Q1,assign to class (Kaitlyn Greenridge),,
2,778,Q18975,P11,Q18807,associate item with Linking Lost Jazz Shrines (Kaitlyn Greenridge),,
2,779,Q18976,P1,Q1,assign to class (Keisha St Joan),,
2,780,Q18976,P11,Q18807,associate item with Linking Lost Jazz Shrines (Keisha St Joan),,
2,781,Q18976,P8,"""Q65554904""",add wikidata QID (Keisha St Joan),,
2,782,Q18976,P9,https://www.wikidata.org/wiki/Q65554904,add wikidata URI (Keisha St Joan),,
2,783,Q18977,P1,Q1,assign to class (Kenny G),,
2,784,Q18977,P11,Q18807,associate item with Linking Lost Jazz Shrines (Kenny G),,
2,785,Q18977,P8,"""Q295777""",add wikidata QID (Kenny G),,
2,786,Q18977,P9,https://www.wikidata.org/wiki/Q295777,add wikidata URI (Kenny G),,
2,787,Q18978,P1,Q1,assign to class (Kenyatta Beasley),,
2,788,Q18978,P11,Q18807,associate item with Linking Lost Jazz Shrines (Kenyatta Beasley),,
2,789,Q18978,P8,"""Q61742206""",add wikidata QID (Kenyatta Beasley),,
2,790,Q18978,P9,https://www.wikidata.org/wiki/Q61742206,add wikidata URI (Kenyatta Beasley),,
2,791,Q18979,P1,Q1,assign to class (Kiane Ziwadi),,
2,792,Q18979,P11,Q18807,associate item with Linking Lost Jazz Shrines (Kiane Ziwadi),,
2,793,Q18979,P8,"""Q822606""",add wikidata QID (Kiane Ziwadi),,
2,794,Q18979,P9,https://www.wikidata.org/wiki/Q822606,add wikidata URI (Kiane Ziwadi),,
2,795,Q18980,P1,Q1,assign to class (Kwesi Mensah Wali),,
2,796,Q18980,P11,Q18807,associate item with Linking Lost Jazz Shrines (Kwesi Mensah Wali),,
2,797,Q18980,P8,"""Q65554902""",add wikidata QID (Kwesi Mensah Wali),,
2,798,Q18980,P9,https://www.wikidata.org/wiki/Q65554902,add wikidata URI (Kwesi Mensah Wali),,
2,799,Q18981,P1,Q1,assign to class (Larry Ridley),,
2,800,Q18981,P11,Q18807,associate item with Linking Lost Jazz Shrines (Larry Ridley),,
2,801,Q18981,P8,"""Q1724922""",add wikidata QID (Larry Ridley),,
2,802,Q18981,P9,https://www.wikidata.org/wiki/Q1724922,add wikidata URI (Larry Ridley),,
2,803,Q18982,P1,Q1,assign to class (Lefty Morris),,
2,804,Q18982,P11,Q18807,associate item with Linking Lost Jazz Shrines (Lefty Morris),,
2,805,Q18983,P1,Q1,assign to class (Leon Thomas),,
2,806,Q18983,P11,Q18807,associate item with Linking Lost Jazz Shrines (Leon Thomas),,
2,807,Q18983,P8,"""Q1497852""",add wikidata QID (Leon Thomas),,
2,808,Q18983,P9,https://www.wikidata.org/wiki/Q1497852,add wikidata URI (Leon Thomas),,
2,809,Q18984,P1,Q1,assign to class (Leonard Hawkins),,
2,810,Q18984,P11,Q18807,associate item with Linking Lost Jazz Shrines (Leonard Hawkins),,
2,811,Q18984,P8,"""Q6525364""",add wikidata QID (Leonard Hawkins),,
2,812,Q18984,P9,https://www.wikidata.org/wiki/Q6525364,add wikidata URI (Leonard Hawkins),,
2,813,Q18985,P1,Q1,assign to class (Leroy Applin),,
2,814,Q18985,P11,Q18807,associate item with Linking Lost Jazz Shrines (Leroy Applin),,
2,815,Q18985,P8,"""Q65554925""",add wikidata QID (Leroy Applin),,
2,816,Q18985,P9,https://www.wikidata.org/wiki/Q65554925,add wikidata URI (Leroy Applin),,
2,817,Q18986,P1,Q1,assign to class (Louis Hayes),,
2,818,Q18986,P11,Q18807,associate item with Linking Lost Jazz Shrines (Louis Hayes),,
2,819,Q18986,P8,"""Q330240""",add wikidata QID (Louis Hayes),,
2,820,Q18986,P9,https://www.wikidata.org/wiki/Q330240,add wikidata URI (Louis Hayes),,
2,821,Q18987,P1,Q1,assign to class (Louis Rivera-Reyes),,
2,822,Q18987,P11,Q18807,associate item with Linking Lost Jazz Shrines (Louis Rivera-Reyes),,
2,823,Q18987,P8,"""Q65554915""",add wikidata QID (Louis Rivera-Reyes),,
2,824,Q18987,P9,https://www.wikidata.org/wiki/Q65554915,add wikidata URI (Louis Rivera-Reyes),,
2,825,Q18988,P1,Q1,assign to class (Lucky Emmett),,
2,826,Q18988,P11,Q18807,associate item with Linking Lost Jazz Shrines (Lucky Emmett),,
2,827,Q18989,P1,Q1,assign to class (Marge Elliott),,
2,828,Q18989,P11,Q18807,associate item with Linking Lost Jazz Shrines (Marge Elliott),,
2,829,Q18990,P1,Q1,assign to class (Maurice Brown),,
2,830,Q18990,P11,Q18807,associate item with Linking Lost Jazz Shrines (Maurice Brown),,
2,831,Q18990,P8,"""Q18358111""",add wikidata QID (Maurice Brown),,
2,832,Q18990,P9,https://www.wikidata.org/wiki/Q18358111,add wikidata URI (Maurice Brown),,
2,833,Q18991,P1,Q1,assign to class (Maxine Gordon),,
2,834,Q18991,P11,Q18807,associate item with Linking Lost Jazz Shrines (Maxine Gordon),,
2,835,Q18992,P1,Q1,assign to class (Mel Rhyne),,
2,836,Q18992,P11,Q18807,associate item with Linking Lost Jazz Shrines (Mel Rhyne),,
2,837,Q18992,P8,"""Q1919793""",add wikidata QID (Mel Rhyne),,
2,838,Q18992,P9,https://www.wikidata.org/wiki/Q1919793,add wikidata URI (Mel Rhyne),,
2,839,Q18993,P1,Q1,assign to class (Melba Joyce),,
2,840,Q18993,P11,Q18807,associate item with Linking Lost Jazz Shrines (Melba Joyce),,
2,841,Q18993,P8,"""Q20640817""",add wikidata QID (Melba Joyce),,
2,842,Q18993,P9,https://www.wikidata.org/wiki/Q20640817,add wikidata URI (Melba Joyce),,
2,843,Q18994,P1,Q1,assign to class (Melvin Sparks),,
2,844,Q18994,P11,Q18807,associate item with Linking Lost Jazz Shrines (Melvin Sparks),,
2,845,Q18994,P8,"""Q1283540""",add wikidata QID (Melvin Sparks),,
2,846,Q18994,P9,https://www.wikidata.org/wiki/Q1283540,add wikidata URI (Melvin Sparks),,
2,847,Q18995,P1,Q1,assign to class (Michael Babatunde Olatunji),,
2,848,Q18995,P11,Q18807,associate item with Linking Lost Jazz Shrines (Michael Babatunde Olatunji),,
2,849,Q18995,P8,"""Q797599""",add wikidata QID (Michael Babatunde Olatunji),,
2,850,Q18995,P9,https://www.wikidata.org/wiki/Q797599,add wikidata URI (Michael Babatunde Olatunji),,
2,851,Q18996,P1,Q1,assign to class (Michael Howard),,
2,852,Q18996,P11,Q18807,associate item with Linking Lost Jazz Shrines (Michael Howard),,
2,853,Q18996,P8,"""Q65967248""",add wikidata QID (Michael Howard),,
2,854,Q18996,P9,https://www.wikidata.org/wiki/Q65967248,add wikidata URI (Michael Howard),,
2,855,Q18997,P1,Q1,assign to class (Michael Ridley),,
2,856,Q18997,P11,Q18807,associate item with Linking Lost Jazz Shrines (Michael Ridley),,
2,857,Q18997,P8,"""Q72888691""",add wikidata QID (Michael Ridley),,
2,858,Q18997,P9,https://www.wikidata.org/wiki/Q72888691,add wikidata URI (Michael Ridley),,
2,859,Q18998,P1,Q1,assign to class (Muhal Richard Abrams),,
2,860,Q18998,P11,Q18807,associate item with Linking Lost Jazz Shrines (Muhal Richard Abrams),,
2,861,Q18998,P8,"""Q729293""",add wikidata QID (Muhal Richard Abrams),,
2,862,Q18998,P9,https://www.wikidata.org/wiki/Q729293,add wikidata URI (Muhal Richard Abrams),,
2,863,Q18999,P1,Q1,assign to class (Nat White),,
2,864,Q18999,P11,Q18807,associate item with Linking Lost Jazz Shrines (Nat White),,
2,865,Q19000,P1,Q1,assign to class (Nellie Monk),,
2,866,Q19000,P11,Q18807,associate item with Linking Lost Jazz Shrines (Nellie Monk),,
2,867,Q19001,P1,Q1,assign to class (Onaje Allan Gumbs),,
2,868,Q19001,P11,Q18807,associate item with Linking Lost Jazz Shrines (Onaje Allan Gumbs),,
2,869,Q19001,P8,"""Q2023706""",add wikidata QID (Onaje Allan Gumbs),,
2,870,Q19001,P9,https://www.wikidata.org/wiki/Q2023706,add wikidata URI (Onaje Allan Gumbs),,
2,871,Q19002,P1,Q1,assign to class (Orville O'Brien),,
2,872,Q19002,P11,Q18807,associate item with Linking Lost Jazz Shrines (Orville O'Brien),,
2,873,Q19002,P8,"""Q65554920""",add wikidata QID (Orville O'Brien),,
2,874,Q19002,P9,https://www.wikidata.org/wiki/Q65554920,add wikidata URI (Orville O'Brien),,
2,875,Q19003,P1,Q1,assign to class (Otis Redding),,
2,876,Q19003,P11,Q18807,associate item with Linking Lost Jazz Shrines (Otis Redding),,
2,877,Q19003,P8,"""Q217839""",add wikidata QID (Otis Redding),,
2,878,Q19003,P9,https://www.wikidata.org/wiki/Q217839,add wikidata URI (Otis Redding),,
2,879,Q19004,P1,Q1,assign to class (Pamela Green),,
2,880,Q19004,P11,Q18807,associate item with Linking Lost Jazz Shrines (Pamela Green),,
2,881,Q19005,P1,Q1,assign to class (Paul Parker),,
2,882,Q19005,P11,Q18807,associate item with Linking Lost Jazz Shrines (Paul Parker),,
2,883,Q19005,P8,"""Q65554922""",add wikidata QID (Paul Parker),,
2,884,Q19005,P9,https://www.wikidata.org/wiki/Q65554922,add wikidata URI (Paul Parker),,
2,885,Q19006,P1,Q1,assign to class (Paul Serrano),,
2,886,Q19006,P11,Q18807,associate item with Linking Lost Jazz Shrines (Paul Serrano),,
2,887,Q19006,P8,"""Q18918580""",add wikidata QID (Paul Serrano),,
2,888,Q19006,P9,https://www.wikidata.org/wiki/Q18918580,add wikidata URI (Paul Serrano),,
2,889,Q19007,P1,Q1,assign to class (Pete LaRoca),,
2,890,Q19007,P11,Q18807,associate item with Linking Lost Jazz Shrines (Pete LaRoca),,
2,891,Q19007,P8,"""Q83714""",add wikidata QID (Pete LaRoca),,
2,892,Q19007,P9,https://www.wikidata.org/wiki/Q83714,add wikidata URI (Pete LaRoca),,
2,893,Q19008,P1,Q1,assign to class (Rafik Williamson),,
2,894,Q19008,P11,Q18807,associate item with Linking Lost Jazz Shrines (Rafik Williamson),,
2,895,Q19008,P8,"""Q69168194""",add wikidata QID (Rafik Williamson),,
2,896,Q19008,P9,https://www.wikidata.org/wiki/Q69168194,add wikidata URI (Rafik Williamson),,
2,897,Q19009,P1,Q1,assign to class (Rashim),,
2,898,Q19009,P11,Q18807,associate item with Linking Lost Jazz Shrines (Rashim),,
2,899,Q19010,P1,Q1,assign to class (Rashim Asu),,
2,900,Q19010,P11,Q18807,associate item with Linking Lost Jazz Shrines (Rashim Asu),,
2,901,Q19010,P8,"""Q69916740""",add wikidata QID (Rashim Asu),,
2,902,Q19010,P9,https://www.wikidata.org/wiki/Q69916740,add wikidata URI (Rashim Asu),,
2,903,Q19011,P1,Q1,assign to class (Ray Abrams),,
2,904,Q19011,P11,Q18807,associate item with Linking Lost Jazz Shrines (Ray Abrams),,
2,905,Q19011,P8,"""Q1254518""",add wikidata QID (Ray Abrams),,
2,906,Q19011,P9,https://www.wikidata.org/wiki/Q1254518,add wikidata URI (Ray Abrams),,
2,907,Q19012,P1,Q1,assign to class (Rector Bailey),,
2,908,Q19012,P11,Q18807,associate item with Linking Lost Jazz Shrines (Rector Bailey),,
2,909,Q19012,P8,"""Q29110343""",add wikidata QID (Rector Bailey),,
2,910,Q19012,P9,https://www.wikidata.org/wiki/Q29110343,add wikidata URI (Rector Bailey),,
2,911,Q19013,P1,Q1,assign to class (Richard (Dickie) Habersham-Bey),,
2,912,Q19013,P11,Q18807,associate item with Linking Lost Jazz Shrines (Richard (Dickie) Habersham-Bey),,
2,913,Q19013,P8,"""Q65554907""",add wikidata QID (Richard (Dickie) Habersham-Bey),,
2,914,Q19013,P9,https://www.wikidata.org/wiki/Q65554907,add wikidata URI (Richard (Dickie) Habersham-Bey),,
2,915,Q19014,P1,Q1,assign to class (Richard Otto),,
2,916,Q19014,P11,Q18807,associate item with Linking Lost Jazz Shrines (Richard Otto),,
2,917,Q19015,P1,Q1,assign to class (Robin Kelley),,
2,918,Q19015,P11,Q18807,associate item with Linking Lost Jazz Shrines (Robin Kelley),,
2,919,Q19016,P1,Q1,assign to class (Roger Wareham),,
2,920,Q19016,P11,Q18807,associate item with Linking Lost Jazz Shrines (Roger Wareham),,
2,921,Q19016,P8,"""Q65554900""",add wikidata QID (Roger Wareham),,
2,922,Q19016,P9,https://www.wikidata.org/wiki/Q65554900,add wikidata URI (Roger Wareham),,
2,923,Q19017,P1,Q1,assign to class (Roland Alexander),,
2,924,Q19017,P11,Q18807,associate item with Linking Lost Jazz Shrines (Roland Alexander),,
2,925,Q19017,P8,"""Q2162653""",add wikidata QID (Roland Alexander),,
2,926,Q19017,P9,https://www.wikidata.org/wiki/Q2162653,add wikidata URI (Roland Alexander),,
2,927,Q19018,P1,Q1,assign to class (Ron Warwell),,
2,928,Q19018,P11,Q18807,associate item with Linking Lost Jazz Shrines (Ron Warwell),,
2,929,Q19019,P1,Q1,assign to class (Ron Washington),,
2,930,Q19019,P11,Q18807,associate item with Linking Lost Jazz Shrines (Ron Washington),,
2,931,Q19020,P1,Q1,assign to class (Rosalind Blair),,
2,932,Q19020,P11,Q18807,associate item with Linking Lost Jazz Shrines (Rosalind Blair),,
2,933,Q19020,P8,"""Q65554924""",add wikidata QID (Rosalind Blair),,
2,934,Q19020,P9,https://www.wikidata.org/wiki/Q65554924,add wikidata URI (Rosalind Blair),,
2,935,Q19021,P1,Q1,assign to class (Sam Pinn),,
2,936,Q19021,P11,Q18807,associate item with Linking Lost Jazz Shrines (Sam Pinn),,
2,937,Q19021,P8,"""Q65554905""",add wikidata QID (Sam Pinn),,
2,938,Q19021,P9,https://www.wikidata.org/wiki/Q65554905,add wikidata URI (Sam Pinn),,
2,939,Q19022,P1,Q1,assign to class (Scoby Stroman),,
2,940,Q19022,P11,Q18807,associate item with Linking Lost Jazz Shrines (Scoby Stroman),,
2,941,Q19022,P8,"""Q1022567""",add wikidata QID (Scoby Stroman),,
2,942,Q19022,P9,https://www.wikidata.org/wiki/Q1022567,add wikidata URI (Scoby Stroman),,
2,943,Q19023,P1,Q1,assign to class (Sister Thulani),,
2,944,Q19023,P11,Q18807,associate item with Linking Lost Jazz Shrines (Sister Thulani),,
2,945,Q19024,P1,Q1,assign to class (Snoop Dogg),,
2,946,Q19024,P11,Q18807,associate item with Linking Lost Jazz Shrines (Snoop Dogg),,
2,947,Q19024,P8,"""Q6096""",add wikidata QID (Snoop Dogg),,
2,948,Q19024,P9,https://www.wikidata.org/wiki/Q6096,add wikidata URI (Snoop Dogg),,
2,949,Q19025,P1,Q1,assign to class (Stefon Harris),,
2,950,Q19025,P11,Q18807,associate item with Linking Lost Jazz Shrines (Stefon Harris),,
2,951,Q19025,P8,"""Q720524""",add wikidata QID (Stefon Harris),,
2,952,Q19025,P9,https://www.wikidata.org/wiki/Q720524,add wikidata URI (Stefon Harris),,
2,953,Q19026,P1,Q1,assign to class (Tommy Williams),,
2,954,Q19026,P11,Q18807,associate item with Linking Lost Jazz Shrines (Tommy Williams),,
2,955,Q19026,P8,"""Q17143263""",add wikidata QID (Tommy Williams),,
2,956,Q19026,P9,https://www.wikidata.org/wiki/Q17143263,add wikidata URI (Tommy Williams),,
2,957,Q19027,P1,Q1,assign to class (Tony Lester),,
2,958,Q19027,P11,Q18807,associate item with Linking Lost Jazz Shrines (Tony Lester),,
2,959,Q19028,P1,Q1,assign to class (Torrie McCartney),,
2,960,Q19028,P11,Q18807,associate item with Linking Lost Jazz Shrines (Torrie McCartney),,
2,961,Q19029,P1,Q1,assign to class (Tulivu-Donna Cumberbatch),,
2,962,Q19029,P11,Q18807,associate item with Linking Lost Jazz Shrines (Tulivu-Donna Cumberbatch),,
2,963,Q19029,P8,"""Q7852105""",add wikidata QID (Tulivu-Donna Cumberbatch),,
2,964,Q19029,P9,https://www.wikidata.org/wiki/Q7852105,add wikidata URI (Tulivu-Donna Cumberbatch),,
2,965,Q19030,P1,Q1,assign to class (Tupac),,
2,966,Q19030,P11,Q18807,associate item with Linking Lost Jazz Shrines (Tupac),,
2,967,Q19030,P8,"""Q6107""",add wikidata QID (Tupac),,
2,968,Q19030,P9,https://www.wikidata.org/wiki/Q6107,add wikidata URI (Tupac),,
2,969,Q19031,P1,Q1,assign to class (Vanessa Rubin),,
2,970,Q19031,P11,Q18807,associate item with Linking Lost Jazz Shrines (Vanessa Rubin),,
2,971,Q19031,P8,"""Q2510230""",add wikidata QID (Vanessa Rubin),,
2,972,Q19031,P9,https://www.wikidata.org/wiki/Q2510230,add wikidata URI (Vanessa Rubin),,
2,973,Q19032,P1,Q1,assign to class (Viola Plummer),,
2,974,Q19032,P11,Q18807,associate item with Linking Lost Jazz Shrines (Viola Plummer),,
2,975,Q19032,P8,"""Q65554901""",add wikidata QID (Viola Plummer),,
2,976,Q19032,P9,https://www.wikidata.org/wiki/Q65554901,add wikidata URI (Viola Plummer),,
2,977,Q19033,P1,Q1,assign to class (Virgil Jones),,
2,978,Q19033,P11,Q18807,associate item with Linking Lost Jazz Shrines (Virgil Jones),,
2,979,Q19033,P8,"""Q2527665""",add wikidata QID (Virgil Jones),,
2,980,Q19033,P9,https://www.wikidata.org/wiki/Q2527665,add wikidata URI (Virgil Jones),,
2,981,Q19034,P1,Q1,assign to class (Wade E. Barnes),,
2,982,Q19034,P11,Q18807,associate item with Linking Lost Jazz Shrines (Wade E. Barnes),,
2,983,Q19034,P8,"""Q15441507""",add wikidata QID (Wade E. Barnes),,
2,984,Q19034,P9,https://www.wikidata.org/wiki/Q15441507,add wikidata URI (Wade E. Barnes),,
2,985,Q19035,P1,Q1,assign to class (Walt Miller),,
2,986,Q19035,P11,Q18807,associate item with Linking Lost Jazz Shrines (Walt Miller),,
2,987,Q19035,P8,"""Q65554921""",add wikidata QID (Walt Miller),,
2,988,Q19035,P9,https://www.wikidata.org/wiki/Q65554921,add wikidata URI (Walt Miller),,
2,989,Q19036,P1,Q1,assign to class (Walter Baby Sweets Perkins),,
2,990,Q19036,P11,Q18807,associate item with Linking Lost Jazz Shrines (Walter Baby Sweets Perkins),,
2,991,Q19036,P8,"""Q355582""",add wikidata QID (Walter Baby Sweets Perkins),,
2,992,Q19036,P9,https://www.wikidata.org/wiki/Q355582,add wikidata URI (Walter Baby Sweets Perkins),,
2,993,Q19037,P1,Q1,assign to class (Will Smith),,
2,994,Q19037,P11,Q18807,associate item with Linking Lost Jazz Shrines (Will Smith),,
2,995,Q19037,P8,"""Q40096""",add wikidata QID (Will Smith),,
2,996,Q19037,P9,https://www.wikidata.org/wiki/Q40096,add wikidata URI (Will Smith),,
2,997,Q19038,P1,Q1,assign to class (Willard Bobo Jenkins),,
2,998,Q19038,P11,Q18807,associate item with Linking Lost Jazz Shrines (Willard Bobo Jenkins),,
2,999,Q19038,P8,"""Q15449804""",add wikidata QID (Willard Bobo Jenkins),,
2,1000,Q19038,P9,https://www.wikidata.org/wiki/Q15449804,add wikidata URI (Willard Bobo Jenkins),,
2,1001,Q19039,P1,Q1,assign to class (Willie Jones),,
2,1002,Q19039,P11,Q18807,associate item with Linking Lost Jazz Shrines (Willie Jones),,
2,1003,Q19039,P8,"""Q2581448""",add wikidata QID (Willie Jones),,
2,1004,Q19039,P9,https://www.wikidata.org/wiki/Q2581448,add wikidata URI (Willie Jones),,
2,1005,Q19040,P1,Q1,assign to class (Willie Thomas),,
2,1006,Q19040,P11,Q18807,associate item with Linking Lost Jazz Shrines (Willie Thomas),,
2,1007,Q19040,P8,"""Q23008738""",add wikidata QID (Willie Thomas),,
2,1008,Q19040,P9,https://www.wikidata.org/wiki/Q23008738,add wikidata URI (Willie Thomas),,
2,1009,Q19041,P1,Q1,assign to class (Wilson Hayes),,
2,1010,Q19041,P11,Q18807,associate item with Linking Lost Jazz Shrines (Wilson Hayes),,
2,1011,Q19042,P1,Q1,assign to class (Yoko Kanno),,
2,1012,Q19042,P11,Q18807,associate item with Linking Lost Jazz Shrines (Yoko Kanno),,
2,1013,Q19042,P8,"""Q224981""",add wikidata QID (Yoko Kanno),,
2,1014,Q19042,P9,https://www.wikidata.org/wiki/Q224981,add wikidata URI (Yoko Kanno),,